-- phpMyAdmin SQL Dump
-- version 4.6.6deb5
-- https://www.phpmyadmin.net/
--
-- Host: localhost:3306
-- Creato il: Giu 20, 2020 alle 16:42
-- Versione del server: 8.0.20-0ubuntu0.19.10.1
-- Versione PHP: 7.2.24-0ubuntu0.19.04.2

SET SQL_MODE = "NO_AUTO_VALUE_ON_ZERO";
SET time_zone = "+00:00";


/*!40101 SET @OLD_CHARACTER_SET_CLIENT=@@CHARACTER_SET_CLIENT */;
/*!40101 SET @OLD_CHARACTER_SET_RESULTS=@@CHARACTER_SET_RESULTS */;
/*!40101 SET @OLD_COLLATION_CONNECTION=@@COLLATION_CONNECTION */;
/*!40101 SET NAMES utf8mb4 */;

--
-- Database: `ilva`
--

-- --------------------------------------------------------

--
-- Struttura della tabella `anchor`
--

CREATE TABLE `anchor` (
  `ID` int NOT NULL,
  `MAC` varchar(255) DEFAULT NULL,
  `NAME` varchar(255) DEFAULT NULL,
  `TYPE` tinyint NOT NULL DEFAULT '3',
  `EMERGENCY_ZONE` int NOT NULL DEFAULT '-1',
  `X_POS` double NOT NULL DEFAULT '-1',
  `Y_POS` double NOT NULL DEFAULT '-1',
  `Z_POS` double NOT NULL DEFAULT '-1',
  `RADIUS` double NOT NULL DEFAULT '-1',
  `NEIGHBORS` longtext,
  `PROXIMITY` int NOT NULL DEFAULT '1',
  `IP` varchar(255) DEFAULT NULL,
  `PERMITTED_ASSET` longtext,
  `RSSI_THRESHOLD` int NOT NULL DEFAULT '170',
  `ALARM_TIME` datetime NOT NULL DEFAULT CURRENT_TIMESTAMP,
  `BATTERY_STATUS` bit(1) NOT NULL DEFAULT b'0',
  `BATTERY_STATUS_ALERTED` bit(1) NOT NULL DEFAULT b'0',
  `IS_OFFLINE` bit(1) NOT NULL DEFAULT b'0',
  `IS_OFFLINE_ALERTED` bit(1) NOT NULL DEFAULT b'0',
  `FLOOR_ID` int DEFAULT NULL,
  `BATTERY_LEVEL` int DEFAULT '0'
) ENGINE=InnoDB DEFAULT CHARSET=latin1;

--
-- Dump dei dati per la tabella `anchor`
--

INSERT INTO `anchor` (`ID`, `MAC`, `NAME`, `TYPE`, `EMERGENCY_ZONE`, `X_POS`, `Y_POS`, `Z_POS`, `RADIUS`, `NEIGHBORS`, `PROXIMITY`, `IP`, `PERMITTED_ASSET`, `RSSI_THRESHOLD`, `BATTERY_STATUS`, `BATTERY_STATUS_ALERTED`, `IS_OFFLINE`, `IS_OFFLINE_ALERTED`, `FLOOR_ID`, `BATTERY_LEVEL`) VALUES
(11, 'DCA63229C7A8', 'SCAN1_A1', 1, -1, 64.01, 26.45, -1, -1, 'DCA63229B74F', 1, '192.168.0.101', '4889,4927,5302,5393,5419,5785,000B5784F35F,4A2C,000B5784F554,4CA9,000B5784F553,000B5784F54D,568F,000B5784F3D1,4ABA,000B5784F594,5A9B,000B5784F54A,541F,000B5784F474,000B5784F357,5A34,000B5784F459,52B8,000B5784F36A,1D30,000B5784F51D,000B5784F365,49B1,000B5784F46F,53A5,000B5784F37A,5B12,000B5784F35C,000B5784F473,4B06,000B5784F484,000B5784F46B,48AC,000B5784F364,4AB2,000B5784F4F4,4A0D,000B5784F595,5B2D,000B5784F46D,1D80,000B5784F371,000000000026,000000000027,000000000028,000000000029,000000000030,000000000031,000000000032,000000000033,000000000034,000000000035,000000000036,000000000037,000000000038,000000000039,000000000040,000000000041,000000000042,000000000043,000000000044,000000000045,000000000046,000000000047,000000000048,000000000049,000000000050,000000000051,000000000052,000000000053,000000000054,000000000055,000000000056,000000000057,000000000058,000000000059,000000000060,000000000061,000000000062,000000000063,000000000064,000000000065,000000000066,000000000067,000000000068,000000000069,000000000070,000000000071,000000000072,000000000073,000000000074,000000000075,000000000076,000000000077,000000000078,000000000079,000000000080,000000000081,000000000082,000000000083,000000000084,000000000085,000000000086,000000000087,000000000088,000000000089,000000000091,000000000092,000000000093,000000000094,000000000095,000000000096,000000000097,000000000098,000000000099,000000000100', 160, b'1', b'0', b'0', b'0', 23, 3000),
(12, 'DCA63229C838', 'L1_A2', 1, -1, 64.29, 17.06, -1, -1, 'DCA63229B74F', 1, '177.177.177.102', '4889,4927,5302,5393,5419,5785,000B5784F35F,4A2C,000B5784F554,4CA9,000B5784F553,000B5784F54D,568F,000B5784F3D1,4ABA,000B5784F594,5A9B,000B5784F54A,541F,000B5784F474,000B5784F357,5A34,000B5784F459,52B8,000B5784F36A,1D30,000B5784F51D,000B5784F365,49B1,000B5784F46F,53A5,000B5784F37A,5B12,000B5784F35C,000B5784F473,4B06,000B5784F484,000B5784F46B,48AC,000B5784F364,4AB2,000B5784F4F4,4A0D,000B5784F595,5B2D,000B5784F46D,1D80,000B5784F371,000000000026,000000000027,000000000028,000000000029,000000000030,000000000031,000000000032,000000000033,000000000034,000000000035,000000000036,000000000037,000000000038,000000000039,000000000040,000000000041,000000000042,000000000043,000000000044,000000000045,000000000046,000000000047,000000000048,000000000049,000000000050,000000000051,000000000052,000000000053,000000000054,000000000055,000000000056,000000000057,000000000058,000000000059,000000000060,000000000061,000000000062,000000000063,000000000064,000000000065,000000000066,000000000067,000000000068,000000000069,000000000070,000000000071,000000000072,000000000073,000000000074,000000000075,000000000076,000000000077,000000000078,000000000079,000000000080,000000000081,000000000082,000000000083,000000000084,000000000085,000000000086,000000000087,000000000088,000000000089,000000000091,000000000092,000000000093,000000000094,000000000095,000000000096,000000000097,000000000098,000000000099,000000000100', 160, b'0', b'0', b'0', b'0', 23, 0),
(13, 'DCA632298F8C', 'ADV1_A3', 4, -1, 64.13, 7.89, -1, -1, 'DCA63229C838', 1, '177.177.177.103', '4889,4927,5302,5393,5419,5785,000B5784F35F,4A2C,000B5784F554,4CA9,000B5784F553,000B5784F54D,568F,000B5784F3D1,4ABA,000B5784F594,5A9B,000B5784F54A,541F,000B5784F474,000B5784F357,5A34,000B5784F459,52B8,000B5784F36A,1D30,000B5784F51D,000B5784F365,49B1,000B5784F46F,53A5,000B5784F37A,5B12,000B5784F35C,000B5784F473,4B06,000B5784F484,000B5784F46B,48AC,000B5784F364,4AB2,000B5784F4F4,4A0D,000B5784F595,5B2D,000B5784F46D,1D80,000B5784F371,000000000026,000000000027,000000000028,000000000029,000000000030,000000000031,000000000032,000000000033,000000000034,000000000035,000000000036,000000000037,000000000038,000000000039,000000000040,000000000041,000000000042,000000000043,000000000044,000000000045,000000000046,000000000047,000000000048,000000000049,000000000050,000000000051,000000000052,000000000053,000000000054,000000000055,000000000056,000000000057,000000000058,000000000059,000000000060,000000000061,000000000062,000000000063,000000000064,000000000065,000000000066,000000000067,000000000068,000000000069,000000000070,000000000071,000000000072,000000000073,000000000074,000000000075,000000000076,000000000077,000000000078,000000000079,000000000080,000000000081,000000000082,000000000083,000000000084,000000000085,000000000086,000000000087,000000000088,000000000089,000000000091,000000000092,000000000093,000000000094,000000000095,000000000096,000000000097,000000000098,000000000099,000000000100', 160, b'0', b'0', b'0', b'0', 23, 0),
(14, 'DCA63229C736', 'A4 UWB', 1, -1, 48.29, 8, -1, -1, 'DCA632298F8C', 1, '177.177.177.104', '4889,4927,5302,5393,5419,5785,000B5784F35F,4A2C,000B5784F554,4CA9,000B5784F553,000B5784F54D,568F,000B5784F3D1,4ABA,000B5784F594,5A9B,000B5784F54A,541F,000B5784F474,000B5784F357,5A34,000B5784F459,52B8,000B5784F36A,1D30,000B5784F51D,000B5784F365,49B1,000B5784F46F,53A5,000B5784F37A,5B12,000B5784F35C,000B5784F473,4B06,000B5784F484,000B5784F46B,48AC,000B5784F364,4AB2,000B5784F4F4,4A0D,000B5784F595,5B2D,000B5784F46D,1D80,000B5784F371,000000000026,000000000027,000000000028,000000000029,000000000030,000000000031,000000000032,000000000033,000000000034,000000000035,000000000036,000000000037,000000000038,000000000039,000000000040,000000000041,000000000042,000000000043,000000000044,000000000045,000000000046,000000000047,000000000048,000000000049,000000000050,000000000051,000000000052,000000000053,000000000054,000000000055,000000000056,000000000057,000000000058,000000000059,000000000060,000000000061,000000000062,000000000063,000000000064,000000000065,000000000066,000000000067,000000000068,000000000069,000000000070,000000000071,000000000072,000000000073,000000000074,000000000075,000000000076,000000000077,000000000078,000000000079,000000000080,000000000081,000000000082,000000000083,000000000084,000000000085,000000000086,000000000087,000000000088,000000000089,000000000091,000000000092,000000000093,000000000094,000000000095,000000000096,000000000097,000000000098,000000000099,000000000100', 160, b'0', b'0', b'0', b'0', 23, 0),
(15, 'DCA63229C7CC', 'L2_A5', 1, -1, 35.06, 13.95, -1, -1, 'DCA63229C736', 1, '177.177.177.105', '4889,4927,5302,5393,5419,5785,000B5784F35F,4A2C,000B5784F554,4CA9,000B5784F553,000B5784F54D,568F,000B5784F3D1,4ABA,000B5784F594,5A9B,000B5784F54A,541F,000B5784F474,000B5784F357,5A34,000B5784F459,52B8,000B5784F36A,1D30,000B5784F51D,000B5784F365,49B1,000B5784F46F,53A5,000B5784F37A,5B12,000B5784F35C,000B5784F473,4B06,000B5784F484,000B5784F46B,48AC,000B5784F364,4AB2,000B5784F4F4,4A0D,000B5784F595,5B2D,000B5784F46D,1D80,000B5784F371,000000000026,000000000027,000000000028,000000000029,000000000030,000000000031,000000000032,000000000033,000000000034,000000000035,000000000036,000000000037,000000000038,000000000039,000000000040,000000000041,000000000042,000000000043,000000000044,000000000045,000000000046,000000000047,000000000048,000000000049,000000000050,000000000051,000000000052,000000000053,000000000054,000000000055,000000000056,000000000057,000000000058,000000000059,000000000060,000000000061,000000000062,000000000063,000000000064,000000000065,000000000066,000000000067,000000000068,000000000069,000000000070,000000000071,000000000072,000000000073,000000000074,000000000075,000000000076,000000000077,000000000078,000000000079,000000000080,000000000081,000000000082,000000000083,000000000084,000000000085,000000000086,000000000087,000000000088,000000000089,000000000091,000000000092,000000000093,000000000094,000000000095,000000000096,000000000097,000000000098,000000000099,000000000100', 160, b'0', b'0', b'0', b'0', 23, 0),
(16, 'DCA63229B8FC', 'A6 UWB', 1, -1, 22.06, 7.95, -1, -1, 'DCA63229C7CC', 1, '177.177.177.106', '4889,4927,5302,5393,5419,5785,000B5784F35F,4A2C,000B5784F554,4CA9,000B5784F553,000B5784F54D,568F,000B5784F3D1,4ABA,000B5784F594,5A9B,000B5784F54A,541F,000B5784F474,000B5784F357,5A34,000B5784F459,52B8,000B5784F36A,1D30,000B5784F51D,000B5784F365,49B1,000B5784F46F,53A5,000B5784F37A,5B12,000B5784F35C,000B5784F473,4B06,000B5784F484,000B5784F46B,48AC,000B5784F364,4AB2,000B5784F4F4,4A0D,000B5784F595,5B2D,000B5784F46D,1D80,000B5784F371,000000000026,000000000027,000000000028,000000000029,000000000030,000000000031,000000000032,000000000033,000000000034,000000000035,000000000036,000000000037,000000000038,000000000039,000000000040,000000000041,000000000042,000000000043,000000000044,000000000045,000000000046,000000000047,000000000048,000000000049,000000000050,000000000051,000000000052,000000000053,000000000054,000000000055,000000000056,000000000057,000000000058,000000000059,000000000060,000000000061,000000000062,000000000063,000000000064,000000000065,000000000066,000000000067,000000000068,000000000069,000000000070,000000000071,000000000072,000000000073,000000000074,000000000075,000000000076,000000000077,000000000078,000000000079,000000000080,000000000081,000000000082,000000000083,000000000084,000000000085,000000000086,000000000087,000000000088,000000000089,000000000091,000000000092,000000000093,000000000094,000000000095,000000000096,000000000097,000000000098,000000000099,000000000100', 160, b'0', b'0', b'0', b'0', 23, 0),
(17, 'DCA63229C826', 'SCAN2_A7', 1, -1, 5.39, 7.78, -1, -1, 'DCA63229B8FC', 1, '177.177.177.107', '4889,4927,5302,5393,5419,5785,000B5784F35F,4A2C,000B5784F554,4CA9,000B5784F553,000B5784F54D,568F,000B5784F3D1,4ABA,000B5784F594,5A9B,000B5784F54A,541F,000B5784F474,000B5784F357,5A34,000B5784F459,52B8,000B5784F36A,1D30,000B5784F51D,000B5784F365,49B1,000B5784F46F,53A5,000B5784F37A,5B12,000B5784F35C,000B5784F473,4B06,000B5784F484,000B5784F46B,48AC,000B5784F364,4AB2,000B5784F4F4,4A0D,000B5784F595,5B2D,000B5784F46D,1D80,000B5784F371,000000000026,000000000027,000000000028,000000000029,000000000030,000000000031,000000000032,000000000033,000000000034,000000000035,000000000036,000000000037,000000000038,000000000039,000000000040,000000000041,000000000042,000000000043,000000000044,000000000045,000000000046,000000000047,000000000048,000000000049,000000000050,000000000051,000000000052,000000000053,000000000054,000000000055,000000000056,000000000057,000000000058,000000000059,000000000060,000000000061,000000000062,000000000063,000000000064,000000000065,000000000066,000000000067,000000000068,000000000069,000000000070,000000000071,000000000072,000000000073,000000000074,000000000075,000000000076,000000000077,000000000078,000000000079,000000000080,000000000081,000000000082,000000000083,000000000084,000000000085,000000000086,000000000087,000000000088,000000000089,000000000091,000000000092,000000000093,000000000094,000000000095,000000000096,000000000097,000000000098,000000000099,000000000100', 160, b'0', b'0', b'0', b'0', 23, 0),
(18, 'DCA63229C79F', 'L3_A8', 1, -1, 5.39, 16.34, -1, -1, 'DCA63229C7A8', 1, '192.168.0.108', '4889,4927,5302,5393,5419,5785,000B5784F35F,4A2C,000B5784F554,4CA9,000B5784F553,000B5784F54D,568F,000B5784F3D1,4ABA,000B5784F594,5A9B,000B5784F54A,541F,000B5784F474,000B5784F357,5A34,000B5784F459,52B8,000B5784F36A,1D30,000B5784F51D,000B5784F365,49B1,000B5784F46F,53A5,000B5784F37A,5B12,000B5784F35C,000B5784F473,4B06,000B5784F484,000B5784F46B,48AC,000B5784F364,4AB2,000B5784F4F4,4A0D,000B5784F595,5B2D,000B5784F46D,1D80,000B5784F371,000000000026,000000000027,000000000028,000000000029,000000000030,000000000031,000000000032,000000000033,000000000034,000000000035,000000000036,000000000037,000000000038,000000000039,000000000040,000000000041,000000000042,000000000043,000000000044,000000000045,000000000046,000000000047,000000000048,000000000049,000000000050,000000000051,000000000052,000000000053,000000000054,000000000055,000000000056,000000000057,000000000058,000000000059,000000000060,000000000061,000000000062,000000000063,000000000064,000000000065,000000000066,000000000067,000000000068,000000000069,000000000070,000000000071,000000000072,000000000073,000000000074,000000000075,000000000076,000000000077,000000000078,000000000079,000000000080,000000000081,000000000082,000000000083,000000000084,000000000085,000000000086,000000000087,000000000088,000000000089,000000000091,000000000092,000000000093,000000000094,000000000095,000000000096,000000000097,000000000098,000000000099,000000000100', 160, b'0', b'0', b'0', b'0', 23, 0),
(19, 'DCA63229B74F', 'ADV2_A9', 4, -1, 5.39, 26.34, -1, -1, 'DCA63229C79F', 1, '177.177.177.109', '4889,4927,5302,5393,5419,5785,000B5784F35F,4A2C,000B5784F554,4CA9,000B5784F553,000B5784F54D,568F,000B5784F3D1,4ABA,000B5784F594,5A9B,000B5784F54A,541F,000B5784F474,000B5784F357,5A34,000B5784F459,52B8,000B5784F36A,1D30,000B5784F51D,000B5784F365,49B1,000B5784F46F,53A5,000B5784F37A,5B12,000B5784F35C,000B5784F473,4B06,000B5784F484,000B5784F46B,48AC,000B5784F364,4AB2,000B5784F4F4,4A0D,000B5784F595,5B2D,000B5784F46D,1D80,000B5784F371,000000000026,000000000027,000000000028,000000000029,000000000030,000000000031,000000000032,000000000033,000000000034,000000000035,000000000036,000000000037,000000000038,000000000039,000000000040,000000000041,000000000042,000000000043,000000000044,000000000045,000000000046,000000000047,000000000048,000000000049,000000000050,000000000051,000000000052,000000000053,000000000054,000000000055,000000000056,000000000057,000000000058,000000000059,000000000060,000000000061,000000000062,000000000063,000000000064,000000000065,000000000066,000000000067,000000000068,000000000069,000000000070,000000000071,000000000072,000000000073,000000000074,000000000075,000000000076,000000000077,000000000078,000000000079,000000000080,000000000081,000000000082,000000000083,000000000084,000000000085,000000000086,000000000087,000000000088,000000000089,000000000091,000000000092,000000000093,000000000094,000000000095,000000000096,000000000097,000000000098,000000000099,000000000100', 160, b'0', b'0', b'0', b'0', 23, 0),
(20, '513B', 'A1 UWB', 2, -1, 61.4, 26.34, -1, -1, 'DCA63229C736', 1, '177.177.177.101', '4889,4927,5302,5393,5419,5785,000B5784F35F,4A2C,000B5784F554,4CA9,000B5784F553,000B5784F54D,568F,000B5784F3D1,4ABA,000B5784F594,5A9B,000B5784F54A,541F,000B5784F474,000B5784F357,5A34,000B5784F459,52B8,000B5784F36A,1D30,000B5784F51D,000B5784F365,49B1,000B5784F46F,53A5,000B5784F37A,5B12,000B5784F35C,000B5784F473,4B06,000B5784F484,000B5784F46B,48AC,000B5784F364,4AB2,000B5784F4F4,4A0D,000B5784F595,5B2D,000B5784F46D,1D80,000B5784F371,000000000026,000000000027,000000000028,000000000029,000000000030,000000000031,000000000032,000000000033,000000000034,000000000035,000000000036,000000000037,000000000038,000000000039,000000000040,000000000041,000000000042,000000000043,000000000044,000000000045,000000000046,000000000047,000000000048,000000000049,000000000050,000000000051,000000000052,000000000053,000000000054,000000000055,000000000056,000000000057,000000000058,000000000059,000000000060,000000000061,000000000062,000000000063,000000000064,000000000065,000000000066,000000000067,000000000068,000000000069,000000000070,000000000071,000000000072,000000000073,000000000074,000000000075,000000000076,000000000077,000000000078,000000000079,000000000080,000000000081,000000000082,000000000083,000000000084,000000000085,000000000086,000000000087,000000000088,000000000089,000000000091,000000000092,000000000093,000000000094,000000000095,000000000096,000000000097,000000000098,000000000099,000000000100', 160, b'0', b'0', b'0', b'0', 23, 0),
(21, '0301', 'A2 UWB', 2, -1, 61.4, 17, -1, -1, '513B', 1, '177.177.177.102', '4889,4927,5302,5393,5419,5785,000B5784F35F,4A2C,000B5784F554,4CA9,000B5784F553,000B5784F54D,568F,000B5784F3D1,4ABA,000B5784F594,5A9B,000B5784F54A,541F,000B5784F474,000B5784F357,5A34,000B5784F459,52B8,000B5784F36A,1D30,000B5784F51D,000B5784F365,49B1,000B5784F46F,53A5,000B5784F37A,5B12,000B5784F35C,000B5784F473,4B06,000B5784F484,000B5784F46B,48AC,000B5784F364,4AB2,000B5784F4F4,4A0D,000B5784F595,5B2D,000B5784F46D,1D80,000B5784F371,000000000026,000000000027,000000000028,000000000029,000000000030,000000000031,000000000032,000000000033,000000000034,000000000035,000000000036,000000000037,000000000038,000000000039,000000000040,000000000041,000000000042,000000000043,000000000044,000000000045,000000000046,000000000047,000000000048,000000000049,000000000050,000000000051,000000000052,000000000053,000000000054,000000000055,000000000056,000000000057,000000000058,000000000059,000000000060,000000000061,000000000062,000000000063,000000000064,000000000065,000000000066,000000000067,000000000068,000000000069,000000000070,000000000071,000000000072,000000000073,000000000074,000000000075,000000000076,000000000077,000000000078,000000000079,000000000080,000000000081,000000000082,000000000083,000000000084,000000000085,000000000086,000000000087,000000000088,000000000089,000000000091,000000000092,000000000093,000000000094,000000000095,000000000096,000000000097,000000000098,000000000099,000000000100', 160, b'0', b'0', b'0', b'0', 23, 0),
(22, 'C50E', 'A3 UWB', 2, -1, 61.24, 8.06, -1, -1, '0301', 1, '177.177.177.103', '4889,4927,5302,5393,5419,5785,000B5784F35F,4A2C,000B5784F554,4CA9,000B5784F553,000B5784F54D,568F,000B5784F3D1,4ABA,000B5784F594,5A9B,000B5784F54A,541F,000B5784F474,000B5784F357,5A34,000B5784F459,52B8,000B5784F36A,1D30,000B5784F51D,000B5784F365,49B1,000B5784F46F,53A5,000B5784F37A,5B12,000B5784F35C,000B5784F473,4B06,000B5784F484,000B5784F46B,48AC,000B5784F364,4AB2,000B5784F4F4,4A0D,000B5784F595,5B2D,000B5784F46D,1D80,000B5784F371,000000000026,000000000027,000000000028,000000000029,000000000030,000000000031,000000000032,000000000033,000000000034,000000000035,000000000036,000000000037,000000000038,000000000039,000000000040,000000000041,000000000042,000000000043,000000000044,000000000045,000000000046,000000000047,000000000048,000000000049,000000000050,000000000051,000000000052,000000000053,000000000054,000000000055,000000000056,000000000057,000000000058,000000000059,000000000060,000000000061,000000000062,000000000063,000000000064,000000000065,000000000066,000000000067,000000000068,000000000069,000000000070,000000000071,000000000072,000000000073,000000000074,000000000075,000000000076,000000000077,000000000078,000000000079,000000000080,000000000081,000000000082,000000000083,000000000084,000000000085,000000000086,000000000087,000000000088,000000000089,000000000091,000000000092,000000000093,000000000094,000000000095,000000000096,000000000097,000000000098,000000000099,000000000100', 160, b'0', b'0', b'0', b'0', 23, 0),
(24, '5012', 'A5 UWB', 2, -1, 35.17, 12.17, -1, -1, '52B1', 1, '177.177.177.105', '4889,4927,5302,5393,5419,5785,000B5784F35F,4A2C,000B5784F554,4CA9,000B5784F553,000B5784F54D,568F,000B5784F3D1,4ABA,000B5784F594,5A9B,000B5784F54A,541F,000B5784F474,000B5784F357,5A34,000B5784F459,52B8,000B5784F36A,1D30,000B5784F51D,000B5784F365,49B1,000B5784F46F,53A5,000B5784F37A,5B12,000B5784F35C,000B5784F473,4B06,000B5784F484,000B5784F46B,48AC,000B5784F364,4AB2,000B5784F4F4,4A0D,000B5784F595,5B2D,000B5784F46D,1D80,000B5784F371,000000000026,000000000027,000000000028,000000000029,000000000030,000000000031,000000000032,000000000033,000000000034,000000000035,000000000036,000000000037,000000000038,000000000039,000000000040,000000000041,000000000042,000000000043,000000000044,000000000045,000000000046,000000000047,000000000048,000000000049,000000000050,000000000051,000000000052,000000000053,000000000054,000000000055,000000000056,000000000057,000000000058,000000000059,000000000060,000000000061,000000000062,000000000063,000000000064,000000000065,000000000066,000000000067,000000000068,000000000069,000000000070,000000000071,000000000072,000000000073,000000000074,000000000075,000000000076,000000000077,000000000078,000000000079,000000000080,000000000081,000000000082,000000000083,000000000084,000000000085,000000000086,000000000087,000000000088,000000000089,000000000091,000000000092,000000000093,000000000094,000000000095,000000000096,000000000097,000000000098,000000000099,000000000100', 160, b'0', b'0', b'0', b'0', 23, 0),
(26, '9592', 'A7 UWB', 2, -1, 8.78, 8, -1, -1, '090D', 1, '177.177.177.107', '4889,4927,5302,5393,5419,5785,000B5784F35F,4A2C,000B5784F554,4CA9,000B5784F553,000B5784F54D,568F,000B5784F3D1,4ABA,000B5784F594,5A9B,000B5784F54A,541F,000B5784F474,000B5784F357,5A34,000B5784F459,52B8,000B5784F36A,1D30,000B5784F51D,000B5784F365,49B1,000B5784F46F,53A5,000B5784F37A,5B12,000B5784F35C,000B5784F473,4B06,000B5784F484,000B5784F46B,48AC,000B5784F364,4AB2,000B5784F4F4,4A0D,000B5784F595,5B2D,000B5784F46D,1D80,000B5784F371,000000000026,000000000027,000000000028,000000000029,000000000030,000000000031,000000000032,000000000033,000000000034,000000000035,000000000036,000000000037,000000000038,000000000039,000000000040,000000000041,000000000042,000000000043,000000000044,000000000045,000000000046,000000000047,000000000048,000000000049,000000000050,000000000051,000000000052,000000000053,000000000054,000000000055,000000000056,000000000057,000000000058,000000000059,000000000060,000000000061,000000000062,000000000063,000000000064,000000000065,000000000066,000000000067,000000000068,000000000069,000000000070,000000000071,000000000072,000000000073,000000000074,000000000075,000000000076,000000000077,000000000078,000000000079,000000000080,000000000081,000000000082,000000000083,000000000084,000000000085,000000000086,000000000087,000000000088,000000000089,000000000091,000000000092,000000000093,000000000094,000000000095,000000000096,000000000097,000000000098,000000000099,000000000100', 160, b'0', b'0', b'0', b'0', 23, 0),
(27, '8599', 'A8 UWB', 2, -1, 8.78, 16.56, -1, -1, '9592', 1, '177.177.177.108', '4889,4927,5302,5393,5419,5785,000B5784F35F,4A2C,000B5784F554,4CA9,000B5784F553,000B5784F54D,568F,000B5784F3D1,4ABA,000B5784F594,5A9B,000B5784F54A,541F,000B5784F474,000B5784F357,5A34,000B5784F459,52B8,000B5784F36A,1D30,000B5784F51D,000B5784F365,49B1,000B5784F46F,53A5,000B5784F37A,5B12,000B5784F35C,000B5784F473,4B06,000B5784F484,000B5784F46B,48AC,000B5784F364,4AB2,000B5784F4F4,4A0D,000B5784F595,5B2D,000B5784F46D,1D80,000B5784F371,000000000026,000000000027,000000000028,000000000029,000000000030,000000000031,000000000032,000000000033,000000000034,000000000035,000000000036,000000000037,000000000038,000000000039,000000000040,000000000041,000000000042,000000000043,000000000044,000000000045,000000000046,000000000047,000000000048,000000000049,000000000050,000000000051,000000000052,000000000053,000000000054,000000000055,000000000056,000000000057,000000000058,000000000059,000000000060,000000000061,000000000062,000000000063,000000000064,000000000065,000000000066,000000000067,000000000068,000000000069,000000000070,000000000071,000000000072,000000000073,000000000074,000000000075,000000000076,000000000077,000000000078,000000000079,000000000080,000000000081,000000000082,000000000083,000000000084,000000000085,000000000086,000000000087,000000000088,000000000089,000000000091,000000000092,000000000093,000000000094,000000000095,000000000096,000000000097,000000000098,000000000099,000000000100', 160, b'0', b'0', b'0', b'0', 23, 0),
(28, '5329', 'A9 UWB', 2, -1, 8.89, 26.34, -1, -1, '8599', 1, '177.177.177.109', '4889,4927,5302,5393,5419,5785,000B5784F35F,4A2C,000B5784F554,4CA9,000B5784F553,000B5784F54D,568F,000B5784F3D1,4ABA,000B5784F594,5A9B,000B5784F54A,541F,000B5784F474,000B5784F357,5A34,000B5784F459,52B8,000B5784F36A,1D30,000B5784F51D,000B5784F365,49B1,000B5784F46F,53A5,000B5784F37A,5B12,000B5784F35C,000B5784F473,4B06,000B5784F484,000B5784F46B,48AC,000B5784F364,4AB2,000B5784F4F4,4A0D,000B5784F595,5B2D,000B5784F46D,1D80,000B5784F371,000000000026,000000000027,000000000028,000000000029,000000000030,000000000031,000000000032,000000000033,000000000034,000000000035,000000000036,000000000037,000000000038,000000000039,000000000040,000000000041,000000000042,000000000043,000000000044,000000000045,000000000046,000000000047,000000000048,000000000049,000000000050,000000000051,000000000052,000000000053,000000000054,000000000055,000000000056,000000000057,000000000058,000000000059,000000000060,000000000061,000000000062,000000000063,000000000064,000000000065,000000000066,000000000067,000000000068,000000000069,000000000070,000000000071,000000000072,000000000073,000000000074,000000000075,000000000076,000000000077,000000000078,000000000079,000000000080,000000000081,000000000082,000000000083,000000000084,000000000085,000000000086,000000000087,000000000088,000000000089,000000000091,000000000092,000000000093,000000000094,000000000095,000000000096,000000000097,000000000098,000000000099,000000000100', 160, b'0', b'0', b'0', b'0', 23, 0);

-- --------------------------------------------------------

--
-- Struttura della tabella `anchor_types`
--

CREATE TABLE `anchor_types` (
  `ID` int NOT NULL,
  `DESCRIPTION` varchar(255) DEFAULT NULL,
  `ICON` varchar(255) DEFAULT NULL
) ENGINE=InnoDB DEFAULT CHARSET=latin1;

--
-- Dump dei dati per la tabella `anchor_types`
--

INSERT INTO `anchor_types` (`ID`, `DESCRIPTION`, `ICON`) VALUES
(1, 'ANCHOR_BLE', NULL),
(2, 'ANCHOR_UWB', NULL),
(3, 'BEACON', NULL),
(4, 'ANCHOR_ADV', NULL),
(5, 'ANCHOR_AOA', NULL);

-- --------------------------------------------------------

--
-- Struttura della tabella `camera`
--

CREATE TABLE `camera` (
  `ID` int NOT NULL,
  `IP` varchar(255) DEFAULT NULL,
  `DESCRIPTION` varchar(255) DEFAULT NULL,
  `USERNAME` varchar(255) DEFAULT NULL,
  `PASSWORD` varchar(255) DEFAULT NULL,
  `RADIUS` double DEFAULT NULL,
  `X_POS` double DEFAULT NULL,
  `Y_POS` double DEFAULT NULL,
  `NVR` varchar(255) DEFAULT NULL,
  `FLOOR_ID` int DEFAULT NULL
) ENGINE=InnoDB DEFAULT CHARSET=latin1;

-- --------------------------------------------------------

--
-- Struttura della tabella `category`
--

CREATE TABLE `category` (
  `ID` int NOT NULL,
  `DESCRIPTION` varchar(255) DEFAULT NULL,
  `ICON_NAME_ALARM` varchar(255) DEFAULT NULL,
  `ICON_NAME_NO_ALARM` varchar(255) DEFAULT NULL,
  `ICON_NAME_OFFLINE` varchar(255) DEFAULT NULL
) ENGINE=InnoDB DEFAULT CHARSET=latin1;

--
-- Dump dei dati per la tabella `category`
--

INSERT INTO `category` (`ID`, `DESCRIPTION`, `ICON_NAME_ALARM`, `ICON_NAME_NO_ALARM`, `ICON_NAME_OFFLINE`) VALUES
(2, 'Colatori', 'Colatori.png', 'Col.png', 'ColatoriOff.png'),
(3, 'Esercizio', 'Esercizio.png', 'Eser.png', 'EsercizioOff.png'),
(4, 'Manutentore', 'Manutentore.png', 'Manut.png', 'ManutentoreOff.png'),
(5, 'Terzi', 'Terzi.png', 'Ter.png', 'TerziOff.png');

-- --------------------------------------------------------

--
-- Struttura della tabella `dress_alarm`
--

CREATE TABLE `dress_alarm` (
  `TAG_ID` int NOT NULL,
  `HELMET_DPI` bit(1) DEFAULT b'0',
  `HELMET_DPI_ALERTED` bit(1) DEFAULT b'0',
  `BELT_DPI` bit(1) DEFAULT b'0',
  `BELT_DPI_ALERTED` bit(1) DEFAULT b'0',
  `GLOVE_DPI` bit(1) DEFAULT b'0',
  `GLOVE_DPI_ALERTED` bit(1) DEFAULT b'0',
  `SHOE_DPI` bit(1) DEFAULT b'0',
  `SHOE_DPI_ALERTED` bit(1) DEFAULT b'0'
) ENGINE=InnoDB DEFAULT CHARSET=latin1;

--
-- Dump dei dati per la tabella `dress_alarm`
--

INSERT INTO `dress_alarm` (`TAG_ID`, `HELMET_DPI`, `HELMET_DPI_ALERTED`, `BELT_DPI`, `BELT_DPI_ALERTED`, `GLOVE_DPI`, `GLOVE_DPI_ALERTED`, `SHOE_DPI`, `SHOE_DPI_ALERTED`) VALUES
(1, b'0', b'0', b'0', b'0', b'0', b'0', b'0', b'0'),
(2, b'0', b'0', b'0', b'0', b'0', b'0', b'0', b'0'),
(3, b'0', b'0', b'0', b'0', b'0', b'0', b'0', b'0'),
(4, b'0', b'0', b'0', b'0', b'0', b'0', b'0', b'0'),
(5, b'0', b'0', b'0', b'0', b'0', b'0', b'0', b'0'),
(6, b'0', b'0', b'0', b'0', b'0', b'0', b'0', b'0'),
(7, b'0', b'0', b'0', b'0', b'0', b'0', b'0', b'0'),
(8, b'0', b'0', b'0', b'0', b'0', b'0', b'0', b'0'),
(9, b'0', b'0', b'0', b'0', b'0', b'0', b'0', b'0'),
(10, b'0', b'0', b'0', b'0', b'0', b'0', b'0', b'0'),
(11, b'0', b'0', b'0', b'0', b'0', b'0', b'0', b'0'),
(12, b'0', b'0', b'0', b'0', b'0', b'0', b'0', b'0'),
(13, b'0', b'0', b'0', b'0', b'0', b'0', b'0', b'0'),
(14, b'0', b'0', b'0', b'0', b'0', b'0', b'0', b'0'),
(15, b'0', b'0', b'0', b'0', b'0', b'0', b'0', b'0'),
(16, b'0', b'0', b'0', b'0', b'0', b'0', b'0', b'0'),
(17, b'0', b'0', b'0', b'0', b'0', b'0', b'0', b'0'),
(18, b'0', b'0', b'0', b'0', b'0', b'0', b'0', b'0'),
(19, b'0', b'0', b'0', b'0', b'0', b'0', b'0', b'0'),
(21, b'0', b'0', b'0', b'0', b'0', b'0', b'0', b'0'),
(22, b'0', b'0', b'0', b'0', b'0', b'0', b'0', b'0'),
(23, b'0', b'0', b'0', b'0', b'0', b'0', b'0', b'0'),
(24, b'0', b'0', b'0', b'0', b'0', b'0', b'0', b'0'),
(25, b'0', b'0', b'0', b'0', b'0', b'0', b'0', b'0'),
(26, b'0', b'0', b'0', b'0', b'0', b'0', b'0', b'0'),
(27, b'0', b'0', b'0', b'0', b'0', b'0', b'0', b'0'),
(28, b'0', b'0', b'0', b'0', b'0', b'0', b'0', b'0'),
(29, b'0', b'0', b'0', b'0', b'0', b'0', b'0', b'0'),
(30, b'0', b'0', b'0', b'0', b'0', b'0', b'0', b'0'),
(31, b'0', b'0', b'0', b'0', b'0', b'0', b'0', b'0'),
(32, b'0', b'0', b'0', b'0', b'0', b'0', b'0', b'0'),
(33, b'0', b'0', b'0', b'0', b'0', b'0', b'0', b'0'),
(34, b'0', b'0', b'0', b'0', b'0', b'0', b'0', b'0'),
(35, b'0', b'0', b'0', b'0', b'0', b'0', b'0', b'0'),
(36, b'0', b'0', b'0', b'0', b'0', b'0', b'0', b'0'),
(37, b'0', b'0', b'0', b'0', b'0', b'0', b'0', b'0'),
(38, b'0', b'0', b'0', b'0', b'0', b'0', b'0', b'0'),
(39, b'0', b'0', b'0', b'0', b'0', b'0', b'0', b'0'),
(40, b'0', b'0', b'0', b'0', b'0', b'0', b'0', b'0'),
(41, b'0', b'0', b'0', b'0', b'0', b'0', b'0', b'0'),
(42, b'0', b'0', b'0', b'0', b'0', b'0', b'0', b'0'),
(43, b'0', b'0', b'0', b'0', b'0', b'0', b'0', b'0'),
(44, b'0', b'0', b'0', b'0', b'0', b'0', b'0', b'0'),
(45, b'0', b'0', b'0', b'0', b'0', b'0', b'0', b'0'),
(46, b'0', b'0', b'0', b'0', b'0', b'0', b'0', b'0'),
(47, b'0', b'0', b'0', b'0', b'0', b'0', b'0', b'0'),
(48, b'0', b'0', b'0', b'0', b'0', b'0', b'0', b'0'),
(49, b'0', b'0', b'0', b'0', b'0', b'0', b'0', b'0'),
(50, b'0', b'0', b'0', b'0', b'0', b'0', b'0', b'0'),
(51, b'0', b'0', b'0', b'0', b'0', b'0', b'0', b'0'),
(52, b'0', b'0', b'0', b'0', b'0', b'0', b'0', b'0'),
(53, b'0', b'0', b'0', b'0', b'0', b'0', b'0', b'0'),
(54, b'0', b'0', b'0', b'0', b'0', b'0', b'0', b'0'),
(55, b'0', b'0', b'0', b'0', b'0', b'0', b'0', b'0'),
(56, b'0', b'0', b'0', b'0', b'0', b'0', b'0', b'0'),
(57, b'0', b'0', b'0', b'0', b'0', b'0', b'0', b'0'),
(58, b'0', b'0', b'0', b'0', b'0', b'0', b'0', b'0'),
(59, b'0', b'0', b'0', b'0', b'0', b'0', b'0', b'0'),
(60, b'0', b'0', b'0', b'0', b'0', b'0', b'0', b'0'),
(61, b'0', b'0', b'0', b'0', b'0', b'0', b'0', b'0'),
(62, b'0', b'0', b'0', b'0', b'0', b'0', b'0', b'0'),
(63, b'0', b'0', b'0', b'0', b'0', b'0', b'0', b'0'),
(64, b'0', b'0', b'0', b'0', b'0', b'0', b'0', b'0'),
(65, b'0', b'0', b'0', b'0', b'0', b'0', b'0', b'0'),
(66, b'0', b'0', b'0', b'0', b'0', b'0', b'0', b'0'),
(67, b'0', b'0', b'0', b'0', b'0', b'0', b'0', b'0'),
(68, b'0', b'0', b'0', b'0', b'0', b'0', b'0', b'0'),
(69, b'0', b'0', b'0', b'0', b'0', b'0', b'0', b'0'),
(70, b'0', b'0', b'0', b'0', b'0', b'0', b'0', b'0'),
(71, b'0', b'0', b'0', b'0', b'0', b'0', b'0', b'0'),
(72, b'0', b'0', b'0', b'0', b'0', b'0', b'0', b'0'),
(73, b'0', b'0', b'0', b'0', b'0', b'0', b'0', b'0'),
(74, b'0', b'0', b'0', b'0', b'0', b'0', b'0', b'0'),
(75, b'0', b'0', b'0', b'0', b'0', b'0', b'0', b'0'),
(76, b'0', b'0', b'0', b'0', b'0', b'0', b'0', b'0'),
(77, b'0', b'0', b'0', b'0', b'0', b'0', b'0', b'0'),
(78, b'0', b'0', b'0', b'0', b'0', b'0', b'0', b'0'),
(79, b'0', b'0', b'0', b'0', b'0', b'0', b'0', b'0'),
(80, b'0', b'0', b'0', b'0', b'0', b'0', b'0', b'0'),
(81, b'0', b'0', b'0', b'0', b'0', b'0', b'0', b'0'),
(82, b'0', b'0', b'0', b'0', b'0', b'0', b'0', b'0'),
(83, b'0', b'0', b'0', b'0', b'0', b'0', b'0', b'0'),
(84, b'0', b'0', b'0', b'0', b'0', b'0', b'0', b'0'),
(85, b'0', b'0', b'0', b'0', b'0', b'0', b'0', b'0'),
(86, b'0', b'0', b'0', b'0', b'0', b'0', b'0', b'0'),
(87, b'0', b'0', b'0', b'0', b'0', b'0', b'0', b'0'),
(88, b'0', b'0', b'0', b'0', b'0', b'0', b'0', b'0'),
(89, b'0', b'0', b'0', b'0', b'0', b'0', b'0', b'0'),
(90, b'0', b'0', b'0', b'0', b'0', b'0', b'0', b'0'),
(91, b'0', b'0', b'0', b'0', b'0', b'0', b'0', b'0'),
(92, b'0', b'0', b'0', b'0', b'0', b'0', b'0', b'0'),
(93, b'0', b'0', b'0', b'0', b'0', b'0', b'0', b'0'),
(94, b'0', b'0', b'0', b'0', b'0', b'0', b'0', b'0'),
(95, b'0', b'0', b'0', b'0', b'0', b'0', b'0', b'0'),
(96, b'0', b'0', b'0', b'0', b'0', b'0', b'0', b'0'),
(97, b'0', b'0', b'0', b'0', b'0', b'0', b'0', b'0'),
(98, b'0', b'0', b'0', b'0', b'0', b'0', b'0', b'0'),
(100, b'0', b'0', b'0', b'0', b'0', b'0', b'0', b'0'),
(121, b'0', b'0', b'0', b'0', b'0', b'0', b'0', b'0');

-- --------------------------------------------------------

--
-- Struttura della tabella `event`
--

CREATE TABLE `event` (
  `ID` int NOT NULL,
  `DESCRIPTION` varchar(255) NOT NULL,
  `ICON_NAME` varchar(255) NOT NULL
) ENGINE=InnoDB DEFAULT CHARSET=latin1;

--
-- Dump dei dati per la tabella `event`
--

INSERT INTO `event` (`ID`, `DESCRIPTION`, `ICON_NAME`) VALUES
(1, 'MANDOWN', 'UomoATerra.png'),
(2, 'LOW BATTERY', 'Batteria.png'),
(3, 'MAN DOWN DISABLED', 'UomoATerraDis.png'),
(4, 'RADIO SWITCHED OFF', 'RadioOff.png'),
(5, 'SAFE', 'Safe.png'),
(6, 'BATTERY OK', 'FullBattery.png'),
(7, 'ANCHOR LOW BATTERY', 'AnchorLowBattery.png'),
(8, 'MAN DOWN ENABLED', 'UomoATerraEn.png'),
(9, 'RADIO SWITCHED ON', 'RadioOn.png'),
(10, 'POSITION CHANGED', 'none'),
(11, 'DIAGNOSTIC REQUEST', 'Diagnostic.png'),
(12, 'TACITATE START', 'TacitateStart.png'),
(13, 'TACITATE STOP', 'TacitateStop.png'),
(14, 'CALL ME RECEIVED', 'none'),
(15, 'CALL ME TACITATE', 'none'),
(16, 'EVACUATION START RECEIVED', 'none'),
(17, 'EVACUATION STOP RECEIVED', 'none'),
(18, 'EXIT', 'none'),
(19, 'BROKEN OR STOLEN', 'none'),
(20, 'MAN IN QUOTE', 'none'),
(21, 'SOS', 'none'),
(22, 'DPI 1 NOT FOUND', 'none'),
(23, 'DPI 2 NOT FOUND', 'none'),
(24, 'DPI 3 NOT FOUND', 'none'),
(25, 'DPI 1 FOUND', 'none'),
(26, 'DPI 2 FOUND', 'none'),
(27, 'DPI 3 FOUND', 'none'),
(28, 'ANCHOR BATTERY OK', 'none'),
(29, 'ANCHOR PROBLEM', 'none'),
(30, 'ANCHOR OK', 'none'),
(31, 'INSIDE ZONE', 'InsideZone.png');

-- --------------------------------------------------------

--
-- Struttura della tabella `floor`
--

CREATE TABLE `floor` (
  `ID` int NOT NULL,
  `NAME` varchar(255) DEFAULT NULL,
  `DRAW_POINT` text,
  `IMAGE_MAP` varchar(255) DEFAULT NULL,
  `MAP_WIDTH` float DEFAULT NULL,
  `MAP_SPACING` int DEFAULT NULL,
  `LOCATION_ID` int DEFAULT NULL
) ENGINE=InnoDB DEFAULT CHARSET=latin1;

--
-- Dump dei dati per la tabella `floor`
--

INSERT INTO `floor` (`ID`, `NAME`, `DRAW_POINT`, `IMAGE_MAP`, `MAP_WIDTH`, `MAP_SPACING`, `LOCATION_ID`) VALUES
(2, 'Piano 0', '[]', '00.jpg', 30, 2, 1),
(20, 'Piano 1', '[]', '01_SIIT.png', 30, 1, 1),
(21, 'Laboratorio', '[]', 'Siit1.png', 27, 1, 1),
(23, 'Altoforno AFO2', '[]', 'AFOE.png', 106.69, 2, 12),
(24, 'Piano di default', NULL, 'default_floor.png', 30, 10, 13),
(25, 'Piano di default', NULL, 'default_floor.png', 30, 10, 15);

-- --------------------------------------------------------

--
-- Struttura della tabella `history`
--

CREATE TABLE `history` (
  `ANCHOR_ID` int DEFAULT NULL,
  `EVENT_ID` int NOT NULL,
  `TAG_ID` int NOT NULL,
  `TIME` datetime NOT NULL DEFAULT CURRENT_TIMESTAMP,
  `MSEC` smallint NOT NULL,
  `TAG_X_POS` double DEFAULT NULL,
  `TAG_Y_POS` double DEFAULT NULL,
  `PROTOCOL` int NOT NULL DEFAULT '0',
  `MD_TYPE` tinyint NOT NULL DEFAULT '0'
) ENGINE=InnoDB DEFAULT CHARSET=latin1;

--
-- Dump dei dati per la tabella `history`
--

INSERT INTO `history` (`ANCHOR_ID`, `EVENT_ID`, `TAG_ID`, `MSEC`, `TAG_X_POS`, `TAG_Y_POS`, `PROTOCOL`, `MD_TYPE`) VALUES
(11, 1, 1, 683, 64.01, 26.45, 1, 1),
(17, 4, 1, 937, -1, -1, 0, 0),
(19, 4, 1, 63, -1, -1, 0, 0),
(11, 4, 1, 368, 64.01, 26.45, 0, 0),
(11, 4, 1, 188, 64.01, 26.45, 0, 0),
(19, 9, 1, 58, -1, -1, 0, 0),
(11, 9, 1, 830, -1, -1, 0, 0),
(11, 9, 1, 32, 64.01, 26.45, 0, 0),
(17, 18, 1, 914, -1, -1, 0, 0),
(19, 18, 1, 62, -1, -1, 0, 0),
(11, 18, 1, 364, 64.01, 26.45, 0, 0),
(11, 18, 1, 201, 64.01, 26.45, 0, 0),
(11, 19, 1, 826, -1, -1, 0, 0),
(11, 19, 1, 809, -1, -1, 0, 0),
(19, 19, 1, 707, -1, -1, 0, 0),
(11, 19, 1, 26, 64.01, 26.45, 0, 0),
(11, 19, 1, 26, 64.01, 26.45, 0, 0),
(17, 19, 1, 405, 5.39, 7.78, 0, 0),
(17, 19, 1, 405, 5.39, 7.78, 0, 0),
(11, 19, 1, 364, 64.01, 26.45, 0, 0),
(11, 19, 1, 373, 64.01, 26.45, 0, 0),
(11, 19, 1, 366, 64.01, 26.45, 0, 0),
(11, 19, 1, 360, 64.01, 26.45, 0, 0),
(11, 19, 1, 372, 64.01, 26.45, 0, 0),
(11, 19, 1, 371, 64.01, 26.45, 0, 0),
(11, 19, 1, 366, 64.01, 26.45, 0, 0),
(11, 19, 1, 371, 64.01, 26.45, 0, 0),
(11, 19, 1, 371, 64.01, 26.45, 0, 0),
(11, 19, 1, 364, 64.01, 26.45, 0, 0),
(11, 19, 1, 219, 3, 3, 0, 0),
(11, 19, 1, 290, 10, 10, 0, 0),
(11, 19, 1, 201, 64.01, 26.45, 0, 0),
(11, 19, 1, 201, 64.01, 26.45, 0, 0),
(11, 19, 1, 193, 64.01, 26.45, 0, 0),
(11, 19, 1, 199, 64.01, 26.45, 0, 0),
(11, 19, 1, 201, 64.01, 26.45, 0, 0),
(11, 19, 1, 201, 64.01, 26.45, 0, 0),
(11, 19, 1, 193, 64.01, 26.45, 0, 0),
(11, 19, 1, 188, 64.01, 26.45, 0, 0),
(11, 19, 1, 184, 64.01, 26.45, 0, 0),
(11, 19, 1, 192, 64.01, 26.45, 0, 0),
(11, 19, 1, 194, 64.01, 26.45, 0, 0),
(11, 19, 1, 191, 64.01, 26.45, 0, 0),
(11, 19, 1, 199, 64.01, 26.45, 0, 0),
(11, 19, 1, 190, 64.01, 26.45, 0, 0),
(11, 19, 1, 199, 64.01, 26.45, 0, 0),
(11, 19, 1, 200, 64.01, 26.45, 0, 0),
(11, 19, 1, 196, 64.01, 26.45, 0, 0),
(11, 19, 1, 183, 64.01, 26.45, 0, 0),
(11, 19, 1, 199, 64.01, 26.45, 0, 0),
(11, 19, 1, 183, 64.01, 26.45, 0, 0),
(11, 19, 2, 110, 3, 3, 0, 0),
(11, 19, 2, 210, 3, 3, 0, 0),
(11, 19, 3, 173, 0, 0, 0, 0),
(11, 19, 3, 257, 0, 0, 0, 0),
(11, 19, 4, 219, 0, 0, 0, 0),
(11, 19, 4, 295, 0, 0, 0, 0),
(11, 19, 5, 126, 0, 0, 0, 0),
(11, 19, 5, 218, 0, 0, 0, 0),
(11, 19, 6, 157, 0, 0, 0, 0),
(11, 19, 6, 249, 0, 0, 0, 0),
(11, 19, 7, 141, 0, 0, 0, 0),
(11, 19, 7, 227, 0, 0, 0, 0),
(11, 19, 8, 126, 0, 0, 0, 0),
(11, 19, 8, 214, 0, 0, 0, 0),
(11, 19, 9, 235, 0, 0, 0, 0),
(11, 19, 9, 307, 0, 0, 0, 0),
(11, 19, 10, 110, 0, 0, 0, 0),
(11, 19, 10, 206, 0, 0, 0, 0),
(11, 19, 11, 188, 0, 0, 0, 0),
(11, 19, 11, 261, 0, 0, 0, 0),
(11, 19, 12, 204, 0, 0, 0, 0),
(11, 19, 12, 282, 0, 0, 0, 0),
(11, 19, 13, 188, 0, 0, 0, 0),
(11, 19, 13, 270, 0, 0, 0, 0),
(11, 19, 14, 157, 0, 0, 0, 0),
(11, 19, 14, 244, 0, 0, 0, 0),
(11, 19, 15, 219, 0, 0, 0, 0),
(11, 19, 15, 303, 0, 0, 0, 0),
(11, 19, 16, 219, 0, 0, 0, 0),
(11, 19, 16, 299, 0, 0, 0, 0),
(11, 19, 17, 94, 0, 0, 0, 0),
(11, 19, 17, 201, 0, 0, 0, 0),
(11, 19, 18, 141, 0, 0, 0, 0),
(11, 19, 18, 223, 0, 0, 0, 0),
(11, 19, 19, 204, 0, 0, 0, 0),
(11, 19, 19, 274, 0, 0, 0, 0),
(11, 19, 20, 188, 0, 0, 0, 0),
(11, 19, 20, 266, 0, 0, 0, 0),
(11, 19, 21, 204, 0, 0, 0, 0),
(11, 19, 21, 278, 0, 0, 0, 0),
(11, 19, 22, 204, 0, 0, 0, 0),
(11, 19, 22, 286, 0, 0, 0, 0),
(11, 19, 23, 141, 0, 0, 0, 0),
(11, 19, 23, 235, 0, 0, 0, 0),
(11, 19, 24, 157, 0, 0, 0, 0),
(11, 19, 24, 253, 0, 0, 0, 0),
(11, 19, 25, 157, 0, 0, 0, 0),
(11, 19, 25, 239, 0, 0, 0, 0);

-- --------------------------------------------------------

--
-- Struttura della tabella `location`
--

CREATE TABLE `location` (
  `ID` int NOT NULL,
  `NAME` varchar(255) DEFAULT NULL,
  `DESCRIPTION` varchar(1024) DEFAULT NULL,
  `LATITUDE` double DEFAULT NULL,
  `LONGITUDE` double DEFAULT NULL,
  `ICON` varchar(255) DEFAULT NULL,
  `ZOOM` double DEFAULT NULL,
  `RADIUS` double DEFAULT '0',
  `METER_RADIUS` double DEFAULT NULL,
  `IS_INSIDE` bit(1) NOT NULL DEFAULT b'1'
) ENGINE=InnoDB DEFAULT CHARSET=latin1;

--
-- Dump dei dati per la tabella `location`
--

INSERT INTO `location` (`ID`, `NAME`, `DESCRIPTION`, `LATITUDE`, `LONGITUDE`, `ICON`, `ZOOM`, `RADIUS`, `METER_RADIUS`, `IS_INSIDE`) VALUES
(1, 'SIIT', 'Sede Smart Track S.R.L.', 44.423981, 8.885696, 'location-marker.png', NULL, 0, 0, b'1'),
(12, 'ILVA', 'Altoforno 2', 40.495314, 17.223938, 'location-marker.png', NULL, 0, 0, b'1'),
(13, 'ilva 2', 'Ilva 2', 40.499, 17.29, 'outdoor-location.png', NULL, 0.3, 5000, b'0'),
(14, 'TTTT', 'sbdbcmnd', 44.78, 9.99, 'outdoor-location.png', NULL, 0.2, 1000, b'0'),
(15, 'ekfjfk', 'md cdmc,m', 45, 8.86, 'location-marker.png', NULL, 0.2, 5000, b'1');

-- --------------------------------------------------------

--
-- Struttura della tabella `prohibitions`
--

CREATE TABLE `prohibitions` (
  `TAG_ID` int NOT NULL,
  `ZONE_ID` int NOT NULL
) ENGINE=InnoDB DEFAULT CHARSET=latin1;

-- --------------------------------------------------------

--
-- Struttura della tabella `recover_password`
--

CREATE TABLE `recover_password` (
  `ID` int NOT NULL,
  `EMAIL` varchar(255) DEFAULT NULL,
  `CODE` varchar(255) DEFAULT NULL
) ENGINE=InnoDB DEFAULT CHARSET=latin1;

-- --------------------------------------------------------

--
-- Struttura della tabella `rtls`
--

CREATE TABLE `rtls` (
  `ID` int NOT NULL,
  `PACKETS` int DEFAULT NULL,
  `TIME_LE` datetime DEFAULT NULL,
  `SCANNING_RATE` int DEFAULT NULL,
  `INTERVAL_BEACON_VALID` int DEFAULT NULL,
  `RSSI_THRESHOLD` int DEFAULT NULL,
  `ZOOM_TAG_OUTSIDE_LOCATION` int NOT NULL DEFAULT '0',
  `ZONE_ALPHA` double NOT NULL DEFAULT '0.3',
  `ALERT` bit(1) DEFAULT b'0',
  `SAFE_MON_STATUS` int DEFAULT NULL,
  `TIME_REST` datetime NOT NULL DEFAULT CURRENT_TIMESTAMP,
  `IS_ACTIVE_SAFEMON` bit(1) NOT NULL DEFAULT b'0',
  `IS_ACTIVE_TIME_REST` bit(1) NOT NULL DEFAULT b'0',
  `VERSION` tinytext NOT NULL
) ENGINE=InnoDB DEFAULT CHARSET=latin1;

--
-- Dump dei dati per la tabella `rtls`
--

INSERT INTO `rtls` (`ID`, `PACKETS`, `TIME_LE`, `SCANNING_RATE`, `INTERVAL_BEACON_VALID`, `RSSI_THRESHOLD`, `ZOOM_TAG_OUTSIDE_LOCATION`, `ZONE_ALPHA`, `ALERT`, `SAFE_MON_STATUS`, `IS_ACTIVE_SAFEMON`, `IS_ACTIVE_TIME_REST`, `VERSION`) VALUES
(1, 20, '2020-06-16 13:14:00', 10000, 60, 170, 8, 0.5, b'0', 2, b'0', b'1', '3.12.0');

-- --------------------------------------------------------

--
-- Struttura della tabella `safemon`
--

CREATE TABLE `safemon` (
  `ID` int NOT NULL,
  `DESCRIPTION` varchar(255) NOT NULL,
  `COLOR` varchar(255) NOT NULL DEFAULT '#000000'
) ENGINE=InnoDB DEFAULT CHARSET=utf8mb4 COLLATE=utf8mb4_0900_ai_ci;

--
-- Dump dei dati per la tabella `safemon`
--

INSERT INTO `safemon` (`ID`, `DESCRIPTION`, `COLOR`) VALUES
(1, 'OK', '#00FF00'),
(2, 'ERROR', '#FF0000');

-- --------------------------------------------------------

--
-- Struttura della tabella `safety_box`
--

CREATE TABLE `safety_box` (
  `ID` int NOT NULL,
  `NAME` varchar(255) DEFAULT NULL,
  `IMEI` varchar(15) DEFAULT NULL
) ENGINE=InnoDB DEFAULT CHARSET=latin1;

-- --------------------------------------------------------

--
-- Struttura della tabella `tag`
--

CREATE TABLE `tag` (
  `ID` int NOT NULL,
  `NAME` varchar(255) DEFAULT NULL,
  `TYPE` int NOT NULL DEFAULT '1',
  `X_POS` double NOT NULL DEFAULT '0',
  `Y_POS` double NOT NULL DEFAULT '0',
  `Z_POS` double NOT NULL DEFAULT '0',
  `GPS_NORTH_DEGREE` double NOT NULL DEFAULT '0',
  `GPS_EAST_DEGREE` double NOT NULL DEFAULT '0',
  `TIME` datetime NOT NULL DEFAULT CURRENT_TIMESTAMP,
  `GPS_TIME` datetime NOT NULL DEFAULT CURRENT_TIMESTAMP,
  `ALARM_TIME` datetime NOT NULL DEFAULT CURRENT_TIMESTAMP,
  `BATTERY_STATUS` bit(1) NOT NULL DEFAULT b'0',
  `BATTERY_STATUS_ALERTED` bit(1) NOT NULL DEFAULT b'0',
  `MAN_DOWN` bit(1) NOT NULL DEFAULT b'0',
  `MAN_DOWN_ALERTED` bit(1) NOT NULL DEFAULT b'0',
  `MAN_DOWN_DISABLED` bit(1) NOT NULL DEFAULT b'0',
  `MAN_DOWN_DISABLED_ALERTED` bit(1) NOT NULL DEFAULT b'0',
  `MAN_DOWN_TACITATED` bit(1) NOT NULL DEFAULT b'0',
  `SOS` bit(1) NOT NULL DEFAULT b'0',
  `SOS_ALERTED` bit(1) NOT NULL DEFAULT b'0',
  `MAN_IN_QUOTE` bit(1) NOT NULL DEFAULT b'0',
  `MAN_IN_QUOTE_ALERTED` bit(1) NOT NULL DEFAULT b'0',
  `CALL_ME_ALARM` bit(1) NOT NULL DEFAULT b'0',
  `CALL_ME_ALARM_ALERTED` bit(1) NOT NULL DEFAULT b'0',
  `EVACUATION_ALARM` bit(1) NOT NULL DEFAULT b'0',
  `EVACUATION_ALARM_ALERTED` bit(1) NOT NULL DEFAULT b'0',
  `RADIO_SWITCHED_OFF` bit(1) NOT NULL DEFAULT b'0',
  `DIAGNOSTIC_REQUEST` bit(1) NOT NULL DEFAULT b'0',
  `INSIDE_ZONE` bit(1) NOT NULL DEFAULT b'0',
  `INSIDE_ZONE_ALERTED` bit(1) NOT NULL DEFAULT b'0',
  `IS_EXIT` bit(1) NOT NULL DEFAULT b'0',
  `ANCHOR_ID` int DEFAULT NULL,
  `TELEPHONE_NUMBER` varchar(255) DEFAULT NULL,
  `CATEGORY_ID` int DEFAULT NULL,
  `SAFETY_BOX_ID` int DEFAULT NULL,
  `PROTOCOL` int NOT NULL DEFAULT '0',
  `BATTERY_LEVEL` int NOT NULL DEFAULT '100',
  `MD_TYPE` int DEFAULT '0',
  `TEMPERATURE` int NOT NULL DEFAULT '0',
  `RFID_ID` int NOT NULL
) ENGINE=InnoDB DEFAULT CHARSET=latin1;

--
-- Dump dei dati per la tabella `tag`
--

INSERT INTO `tag` (`ID`, `NAME`, `TYPE`, `X_POS`, `Y_POS`, `Z_POS`, `GPS_NORTH_DEGREE`, `GPS_EAST_DEGREE`, `BATTERY_STATUS`, `BATTERY_STATUS_ALERTED`, `MAN_DOWN`, `MAN_DOWN_ALERTED`, `MAN_DOWN_DISABLED`, `MAN_DOWN_DISABLED_ALERTED`, `MAN_DOWN_TACITATED`, `SOS`, `SOS_ALERTED`, `MAN_IN_QUOTE`, `MAN_IN_QUOTE_ALERTED`, `CALL_ME_ALARM`, `CALL_ME_ALARM_ALERTED`, `EVACUATION_ALARM`, `EVACUATION_ALARM_ALERTED`, `RADIO_SWITCHED_OFF`, `DIAGNOSTIC_REQUEST`, `INSIDE_ZONE`, `INSIDE_ZONE_ALERTED`, `IS_EXIT`, `ANCHOR_ID`, `TELEPHONE_NUMBER`, `CATEGORY_ID`, `SAFETY_BOX_ID`, `PROTOCOL`, `BATTERY_LEVEL`, `MD_TYPE`, `TEMPERATURE`, `RFID_ID`) VALUES
(1, 'WT1', 5, 29, 26.45, -1, 0, 0, b'0', b'0', b'1', b'0', b'0', b'0', b'0', b'0', b'0', b'0', b'0', b'1', b'0', b'0', b'0', b'0', b'0', b'0', b'0', b'0', 11, NULL, NULL, NULL, 1, 99, 1, 25, 1),
(2, 'WT2', 5, 15, 26.45, 0, 0, 0, b'0', b'0', b'0', b'0', b'0', b'0', b'0', b'0', b'0', b'0', b'0', b'0', b'0', b'0', b'0', b'0', b'0', b'0', b'0', b'0', 11, NULL, NULL, NULL, 0, 100, 0, 0, 0),
(3, 'WT3', 5, 40.1, 40.1, 0, 0, 0, b'0', b'0', b'0', b'0', b'0', b'0', b'0', b'0', b'0', b'0', b'0', b'0', b'0', b'0', b'0', b'1', b'0', b'0', b'0', b'0', 11, NULL, NULL, NULL, 0, 100, 0, 0, 0),
(4, 'WT4', 11, 0, 0, 0, 40.49, 17.29, b'0', b'0', b'0', b'0', b'0', b'0', b'0', b'0', b'0', b'0', b'0', b'0', b'0', b'0', b'0', b'1', b'0', b'0', b'0', b'0', NULL, NULL, NULL, NULL, 0, 100, 0, 0, 0),
(5, 'WT5', 11, 0, 0, 0, 0, 0, b'0', b'0', b'0', b'0', b'0', b'0', b'0', b'0', b'0', b'0', b'0', b'0', b'0', b'0', b'0', b'1', b'0', b'0', b'0', b'0', 11, NULL, NULL, NULL, 0, 100, 0, 0, 0),
(6, 'WT6', 5, 0, 0, 0, 0, 0, b'0', b'0', b'0', b'0', b'0', b'0', b'0', b'0', b'0', b'0', b'0', b'0', b'0', b'0', b'0', b'1', b'0', b'0', b'0', b'0', 11, NULL, NULL, NULL, 0, 100, 0, 0, 0),
(7, 'WT7', 5, 0, 0, 0, 0, 0, b'0', b'0', b'0', b'0', b'0', b'0', b'0', b'0', b'0', b'0', b'0', b'0', b'0', b'0', b'0', b'1', b'0', b'0', b'0', b'0', 11, NULL, NULL, NULL, 0, 100, 0, 0, 0),
(8, 'WT8', 5, 0, 0, 0, 0, 0, b'0', b'0', b'0', b'0', b'0', b'0', b'0', b'0', b'0', b'0', b'0', b'0', b'0', b'0', b'0', b'1', b'0', b'0', b'0', b'0', 11, NULL, NULL, NULL, 0, 100, 0, 0, 0),
(9, 'WT9', 5, 0, 0, 0, 0, 0, b'0', b'0', b'0', b'0', b'0', b'0', b'0', b'0', b'0', b'0', b'0', b'0', b'0', b'0', b'0', b'1', b'0', b'0', b'0', b'0', 11, NULL, NULL, NULL, 0, 100, 0, 0, 0),
(10, 'WT10', 5, 0, 0, 0, 0, 0, b'0', b'0', b'0', b'0', b'0', b'0', b'0', b'0', b'0', b'0', b'0', b'0', b'0', b'0', b'0', b'1', b'0', b'0', b'0', b'0', 11, NULL, NULL, NULL, 0, 100, 0, 0, 0),
(11, 'WT11', 5, 0, 0, 0, 0, 0, b'0', b'0', b'0', b'0', b'0', b'0', b'0', b'0', b'0', b'0', b'0', b'0', b'0', b'0', b'0', b'1', b'0', b'0', b'0', b'0', 11, NULL, NULL, NULL, 0, 100, 0, 0, 0),
(12, 'WT12', 5, 0, 0, 0, 0, 0, b'0', b'0', b'0', b'0', b'0', b'0', b'0', b'0', b'0', b'0', b'0', b'0', b'0', b'0', b'0', b'1', b'0', b'0', b'0', b'0', 11, NULL, NULL, NULL, 0, 100, 0, 0, 0),
(13, 'WT13', 5, 0, 0, 0, 0, 0, b'0', b'0', b'0', b'0', b'0', b'0', b'0', b'0', b'0', b'0', b'0', b'0', b'0', b'0', b'0', b'1', b'0', b'0', b'0', b'0', 11, NULL, NULL, NULL, 0, 100, 0, 0, 0),
(14, 'WT14', 5, 0, 0, 0, 0, 0, b'0', b'0', b'0', b'0', b'0', b'0', b'0', b'0', b'0', b'0', b'0', b'0', b'0', b'0', b'0', b'1', b'0', b'0', b'0', b'0', 11, NULL, NULL, NULL, 0, 100, 0, 0, 2),
(15, 'WT15', 5, 0, 0, 0, 0, 0, b'0', b'0', b'0', b'0', b'0', b'0', b'0', b'0', b'0', b'0', b'0', b'0', b'0', b'0', b'0', b'1', b'0', b'0', b'0', b'0', 11, NULL, NULL, NULL, 0, 100, 0, 0, 0),
(16, 'WT16', 5, 0, 0, 0, 0, 0, b'0', b'0', b'0', b'0', b'0', b'0', b'0', b'0', b'0', b'0', b'0', b'0', b'0', b'0', b'0', b'1', b'0', b'0', b'0', b'0', 11, NULL, NULL, NULL, 0, 100, 0, 0, 0),
(17, 'WT17', 5, 0, 0, 0, 0, 0, b'0', b'0', b'0', b'0', b'0', b'0', b'0', b'0', b'0', b'0', b'0', b'0', b'0', b'0', b'0', b'1', b'0', b'0', b'0', b'0', 11, NULL, NULL, NULL, 0, 100, 0, 0, 0),
(18, 'WT18', 5, 0, 0, 0, 0, 0, b'0', b'0', b'0', b'0', b'0', b'0', b'0', b'0', b'0', b'0', b'0', b'0', b'0', b'0', b'0', b'1', b'0', b'0', b'0', b'0', 11, NULL, NULL, NULL, 0, 100, 0, 0, 0),
(19, 'WT19', 5, 0, 0, 0, 0, 0, b'0', b'0', b'0', b'0', b'0', b'0', b'0', b'0', b'0', b'0', b'0', b'0', b'0', b'0', b'0', b'1', b'0', b'0', b'0', b'0', 11, NULL, NULL, NULL, 0, 100, 0, 0, 0),
(21, 'WT21', 5, 0, 0, 0, 0, 0, b'0', b'0', b'0', b'0', b'0', b'0', b'0', b'0', b'0', b'0', b'0', b'0', b'0', b'0', b'0', b'1', b'0', b'0', b'0', b'0', 11, NULL, NULL, NULL, 0, 100, 0, 0, 0),
(22, 'WT22', 5, 0, 0, 0, 0, 0, b'0', b'0', b'0', b'0', b'0', b'0', b'0', b'0', b'0', b'0', b'0', b'0', b'0', b'0', b'0', b'1', b'0', b'0', b'0', b'0', 11, NULL, NULL, NULL, 0, 100, 0, 0, 0),
(23, 'WT23', 5, 25, 10, 0, 0, 0, b'0', b'0', b'0', b'0', b'0', b'0', b'0', b'0', b'0', b'0', b'0', b'0', b'0', b'0', b'0', b'1', b'0', b'0', b'0', b'0', 11, NULL, NULL, NULL, 0, 100, 0, 0, 0),
(24, 'WT24', 5, 25.3, 10.3, 0, 0, 0, b'0', b'0', b'0', b'0', b'0', b'0', b'0', b'0', b'0', b'0', b'0', b'0', b'0', b'0', b'0', b'1', b'0', b'0', b'0', b'0', 11, NULL, NULL, NULL, 0, 100, 0, 0, 0),
(25, 'WT25', 5, 25.1, 10.1, 0, 0, 0, b'0', b'0', b'0', b'0', b'0', b'0', b'0', b'0', b'0', b'0', b'0', b'0', b'0', b'0', b'0', b'1', b'0', b'0', b'0', b'0', 11, NULL, NULL, NULL, 0, 100, 0, 0, 0),
(26, 'WT26', 5, 0, 0, 0, 0, 0, b'0', b'0', b'0', b'0', b'0', b'0', b'0', b'0', b'0', b'0', b'0', b'0', b'0', b'0', b'0', b'1', b'0', b'0', b'0', b'0', NULL, NULL, NULL, NULL, 0, 100, 0, 0, 0),
(27, 'WT27', 5, 0, 0, 0, 0, 0, b'0', b'0', b'0', b'0', b'0', b'0', b'0', b'0', b'0', b'0', b'0', b'0', b'0', b'0', b'0', b'1', b'0', b'0', b'0', b'0', NULL, NULL, NULL, NULL, 0, 100, 0, 0, 0),
(28, 'WT28', 5, 0, 0, 0, 0, 0, b'0', b'0', b'0', b'0', b'0', b'0', b'0', b'0', b'0', b'0', b'0', b'0', b'0', b'0', b'0', b'1', b'0', b'0', b'0', b'0', NULL, NULL, NULL, NULL, 0, 100, 0, 0, 0),
(29, 'WT29', 5, 0, 0, 0, 0, 0, b'0', b'0', b'0', b'0', b'0', b'0', b'0', b'0', b'0', b'0', b'0', b'0', b'0', b'0', b'0', b'1', b'0', b'0', b'0', b'0', NULL, NULL, NULL, NULL, 0, 100, 0, 0, 0),
(30, 'WT30', 5, 0, 0, 0, 0, 0, b'0', b'0', b'0', b'0', b'0', b'0', b'0', b'0', b'0', b'0', b'0', b'0', b'0', b'0', b'0', b'1', b'0', b'0', b'0', b'0', NULL, NULL, NULL, NULL, 0, 100, 0, 0, 0),
(31, 'WT31', 5, 0, 0, 0, 0, 0, b'0', b'0', b'0', b'0', b'0', b'0', b'0', b'0', b'0', b'0', b'0', b'0', b'0', b'0', b'0', b'1', b'0', b'0', b'0', b'0', NULL, NULL, NULL, NULL, 0, 100, 0, 0, 0),
(32, 'WT32', 5, 0, 0, 0, 0, 0, b'0', b'0', b'0', b'0', b'0', b'0', b'0', b'0', b'0', b'0', b'0', b'0', b'0', b'0', b'0', b'1', b'0', b'0', b'0', b'0', NULL, NULL, NULL, NULL, 0, 100, 0, 0, 0),
(33, 'WT33', 5, 0, 0, 0, 0, 0, b'0', b'0', b'0', b'0', b'0', b'0', b'0', b'0', b'0', b'0', b'0', b'0', b'0', b'0', b'0', b'1', b'0', b'0', b'0', b'0', NULL, NULL, NULL, NULL, 0, 100, 0, 0, 0),
(34, 'WT34', 5, 0, 0, 0, 0, 0, b'0', b'0', b'0', b'0', b'0', b'0', b'0', b'0', b'0', b'0', b'0', b'0', b'0', b'0', b'0', b'1', b'0', b'0', b'0', b'0', NULL, NULL, NULL, NULL, 0, 100, 0, 0, 0),
(35, 'WT35', 5, 0, 0, 0, 0, 0, b'0', b'0', b'0', b'0', b'0', b'0', b'0', b'0', b'0', b'0', b'0', b'0', b'0', b'0', b'0', b'1', b'0', b'0', b'0', b'0', NULL, NULL, NULL, NULL, 0, 100, 0, 0, 0),
(36, 'WT36', 5, 0, 0, 0, 0, 0, b'0', b'0', b'0', b'0', b'0', b'0', b'0', b'0', b'0', b'0', b'0', b'0', b'0', b'0', b'0', b'1', b'0', b'0', b'0', b'0', NULL, NULL, NULL, NULL, 0, 100, 0, 0, 0),
(37, 'WT37', 5, 0, 0, 0, 0, 0, b'0', b'0', b'0', b'0', b'0', b'0', b'0', b'0', b'0', b'0', b'0', b'0', b'0', b'0', b'0', b'1', b'0', b'0', b'0', b'0', NULL, NULL, NULL, NULL, 0, 100, 0, 0, 0),
(38, 'WT38', 5, 0, 0, 0, 0, 0, b'0', b'0', b'0', b'0', b'0', b'0', b'0', b'0', b'0', b'0', b'0', b'0', b'0', b'0', b'0', b'1', b'0', b'0', b'0', b'0', NULL, NULL, NULL, NULL, 0, 100, 0, 0, 0),
(39, 'WT39', 5, 0, 0, 0, 0, 0, b'0', b'0', b'0', b'0', b'0', b'0', b'0', b'0', b'0', b'0', b'0', b'0', b'0', b'0', b'0', b'1', b'0', b'0', b'0', b'0', NULL, NULL, NULL, NULL, 0, 100, 0, 0, 0),
(40, 'WT40', 5, 0, 0, 0, 0, 0, b'0', b'0', b'0', b'0', b'0', b'0', b'0', b'0', b'0', b'0', b'0', b'0', b'0', b'0', b'0', b'1', b'0', b'0', b'0', b'0', NULL, NULL, NULL, NULL, 0, 100, 0, 0, 0),
(41, 'WT41', 5, 0, 0, 0, 0, 0, b'0', b'0', b'0', b'0', b'0', b'0', b'0', b'0', b'0', b'0', b'0', b'0', b'0', b'0', b'0', b'1', b'0', b'0', b'0', b'0', NULL, NULL, NULL, NULL, 0, 100, 0, 0, 0),
(42, 'WT42', 5, 0, 0, 0, 0, 0, b'0', b'0', b'0', b'0', b'0', b'0', b'0', b'0', b'0', b'0', b'0', b'0', b'0', b'0', b'0', b'1', b'0', b'0', b'0', b'0', NULL, NULL, NULL, NULL, 0, 100, 0, 0, 0),
(43, 'WT43', 5, 0, 0, 0, 0, 0, b'0', b'0', b'0', b'0', b'0', b'0', b'0', b'0', b'0', b'0', b'0', b'0', b'0', b'0', b'0', b'1', b'0', b'0', b'0', b'0', NULL, NULL, NULL, NULL, 0, 100, 0, 0, 0),
(44, 'WT44', 5, 0, 0, 0, 0, 0, b'0', b'0', b'0', b'0', b'0', b'0', b'0', b'0', b'0', b'0', b'0', b'0', b'0', b'0', b'0', b'1', b'0', b'0', b'0', b'0', NULL, NULL, NULL, NULL, 0, 100, 0, 0, 0),
(45, 'WT45', 5, 0, 0, 0, 0, 0, b'0', b'0', b'0', b'0', b'0', b'0', b'0', b'0', b'0', b'0', b'0', b'0', b'0', b'0', b'0', b'1', b'0', b'0', b'0', b'0', NULL, NULL, NULL, NULL, 0, 100, 0, 0, 0),
(46, 'WT46', 5, 0, 0, 0, 0, 0, b'0', b'0', b'0', b'0', b'0', b'0', b'0', b'0', b'0', b'0', b'0', b'0', b'0', b'0', b'0', b'1', b'0', b'0', b'0', b'0', NULL, NULL, NULL, NULL, 0, 100, 0, 0, 0),
(47, 'WT47', 5, 0, 0, 0, 0, 0, b'0', b'0', b'0', b'0', b'0', b'0', b'0', b'0', b'0', b'0', b'0', b'0', b'0', b'0', b'0', b'1', b'0', b'0', b'0', b'0', NULL, NULL, NULL, NULL, 0, 100, 0, 0, 0),
(48, 'WT48', 5, 0, 0, 0, 0, 0, b'0', b'0', b'0', b'0', b'0', b'0', b'0', b'0', b'0', b'0', b'0', b'0', b'0', b'0', b'0', b'1', b'0', b'0', b'0', b'0', NULL, NULL, NULL, NULL, 0, 100, 0, 0, 0),
(49, 'WT49', 5, 0, 0, 0, 0, 0, b'0', b'0', b'0', b'0', b'0', b'0', b'0', b'0', b'0', b'0', b'0', b'0', b'0', b'0', b'0', b'1', b'0', b'0', b'0', b'0', NULL, NULL, NULL, NULL, 0, 100, 0, 0, 0),
(50, 'WT50', 5, 0, 0, 0, 0, 0, b'0', b'0', b'0', b'0', b'0', b'0', b'0', b'0', b'0', b'0', b'0', b'0', b'0', b'0', b'0', b'1', b'0', b'0', b'0', b'0', NULL, NULL, NULL, NULL, 0, 100, 0, 0, 0),
(51, 'WT51', 5, 0, 0, 0, 0, 0, b'0', b'0', b'0', b'0', b'0', b'0', b'0', b'0', b'0', b'0', b'0', b'0', b'0', b'0', b'0', b'1', b'0', b'0', b'0', b'0', NULL, NULL, NULL, NULL, 0, 100, 0, 0, 0),
(52, 'WT52', 5, 0, 0, 0, 0, 0, b'0', b'0', b'0', b'0', b'0', b'0', b'0', b'0', b'0', b'0', b'0', b'0', b'0', b'0', b'0', b'1', b'0', b'0', b'0', b'0', NULL, NULL, NULL, NULL, 0, 100, 0, 0, 0),
(53, 'WT53', 5, 0, 0, 0, 0, 0, b'0', b'0', b'0', b'0', b'0', b'0', b'0', b'0', b'0', b'0', b'0', b'0', b'0', b'0', b'0', b'1', b'0', b'0', b'0', b'0', NULL, NULL, NULL, NULL, 0, 100, 0, 0, 0),
(54, 'WT54', 5, 0, 0, 0, 0, 0, b'0', b'0', b'0', b'0', b'0', b'0', b'0', b'0', b'0', b'0', b'0', b'0', b'0', b'0', b'0', b'1', b'0', b'0', b'0', b'0', NULL, NULL, NULL, NULL, 0, 100, 0, 0, 0),
(55, 'WT55', 5, 0, 0, 0, 0, 0, b'0', b'0', b'0', b'0', b'0', b'0', b'0', b'0', b'0', b'0', b'0', b'0', b'0', b'0', b'0', b'1', b'0', b'0', b'0', b'0', NULL, NULL, NULL, NULL, 0, 100, 0, 0, 0),
(56, 'WT56', 5, 0, 0, 0, 0, 0, b'0', b'0', b'0', b'0', b'0', b'0', b'0', b'0', b'0', b'0', b'0', b'0', b'0', b'0', b'0', b'1', b'0', b'0', b'0', b'0', NULL, NULL, NULL, NULL, 0, 100, 0, 0, 0),
(57, 'WT57', 5, 0, 0, 0, 0, 0, b'0', b'0', b'0', b'0', b'0', b'0', b'0', b'0', b'0', b'0', b'0', b'0', b'0', b'0', b'0', b'1', b'0', b'0', b'0', b'0', NULL, NULL, NULL, NULL, 0, 100, 0, 0, 0),
(58, 'WT58', 5, 0, 0, 0, 0, 0, b'0', b'0', b'0', b'0', b'0', b'0', b'0', b'0', b'0', b'0', b'0', b'0', b'0', b'0', b'0', b'1', b'0', b'0', b'0', b'0', NULL, NULL, NULL, NULL, 0, 100, 0, 0, 0),
(59, 'WT59', 5, 0, 0, 0, 0, 0, b'0', b'0', b'0', b'0', b'0', b'0', b'0', b'0', b'0', b'0', b'0', b'0', b'0', b'0', b'0', b'1', b'0', b'0', b'0', b'0', NULL, NULL, NULL, NULL, 0, 100, 0, 0, 0),
(60, 'WT60', 5, 0, 0, 0, 0, 0, b'0', b'0', b'0', b'0', b'0', b'0', b'0', b'0', b'0', b'0', b'0', b'0', b'0', b'0', b'0', b'1', b'0', b'0', b'0', b'0', NULL, NULL, NULL, NULL, 0, 100, 0, 0, 0),
(61, 'WT61', 5, 0, 0, 0, 0, 0, b'0', b'0', b'0', b'0', b'0', b'0', b'0', b'0', b'0', b'0', b'0', b'0', b'0', b'0', b'0', b'1', b'0', b'0', b'0', b'0', NULL, NULL, NULL, NULL, 0, 100, 0, 0, 0),
(62, 'WT62', 5, 0, 0, 0, 0, 0, b'0', b'0', b'0', b'0', b'0', b'0', b'0', b'0', b'0', b'0', b'0', b'0', b'0', b'0', b'0', b'1', b'0', b'0', b'0', b'0', NULL, NULL, NULL, NULL, 0, 100, 0, 0, 0),
(63, 'WT63', 5, 0, 0, 0, 0, 0, b'0', b'0', b'0', b'0', b'0', b'0', b'0', b'0', b'0', b'0', b'0', b'0', b'0', b'0', b'0', b'1', b'0', b'0', b'0', b'0', NULL, NULL, NULL, NULL, 0, 100, 0, 0, 0),
(64, 'WT64', 5, 0, 0, 0, 0, 0, b'0', b'0', b'0', b'0', b'0', b'0', b'0', b'0', b'0', b'0', b'0', b'0', b'0', b'0', b'0', b'1', b'0', b'0', b'0', b'0', NULL, NULL, NULL, NULL, 0, 100, 0, 0, 0),
(65, 'WT65', 5, 0, 0, 0, 0, 0, b'0', b'0', b'0', b'0', b'0', b'0', b'0', b'0', b'0', b'0', b'0', b'0', b'0', b'0', b'0', b'1', b'0', b'0', b'0', b'0', NULL, NULL, NULL, NULL, 0, 100, 0, 0, 0),
(66, 'WT66', 5, 0, 0, 0, 0, 0, b'0', b'0', b'0', b'0', b'0', b'0', b'0', b'0', b'0', b'0', b'0', b'0', b'0', b'0', b'0', b'1', b'0', b'0', b'0', b'0', NULL, NULL, NULL, NULL, 0, 100, 0, 0, 0),
(67, 'WT67', 5, 0, 0, 0, 0, 0, b'0', b'0', b'0', b'0', b'0', b'0', b'0', b'0', b'0', b'0', b'0', b'0', b'0', b'0', b'0', b'1', b'0', b'0', b'0', b'0', NULL, NULL, NULL, NULL, 0, 100, 0, 0, 0),
(68, 'WT68', 5, 0, 0, 0, 0, 0, b'0', b'0', b'0', b'0', b'0', b'0', b'0', b'0', b'0', b'0', b'0', b'0', b'0', b'0', b'0', b'1', b'0', b'0', b'0', b'0', NULL, NULL, NULL, NULL, 0, 100, 0, 0, 0),
(69, 'WT69', 5, 0, 0, 0, 0, 0, b'0', b'0', b'0', b'0', b'0', b'0', b'0', b'0', b'0', b'0', b'0', b'0', b'0', b'0', b'0', b'1', b'0', b'0', b'0', b'0', NULL, NULL, NULL, NULL, 0, 100, 0, 0, 0),
(70, 'WT70', 5, 0, 0, 0, 0, 0, b'0', b'0', b'0', b'0', b'0', b'0', b'0', b'0', b'0', b'0', b'0', b'0', b'0', b'0', b'0', b'1', b'0', b'0', b'0', b'0', NULL, NULL, NULL, NULL, 0, 100, 0, 0, 0),
(71, 'WT71', 5, 0, 0, 0, 0, 0, b'0', b'0', b'0', b'0', b'0', b'0', b'0', b'0', b'0', b'0', b'0', b'0', b'0', b'0', b'0', b'1', b'0', b'0', b'0', b'0', NULL, NULL, NULL, NULL, 0, 100, 0, 0, 0),
(72, 'WT72', 5, 0, 0, 0, 0, 0, b'0', b'0', b'0', b'0', b'0', b'0', b'0', b'0', b'0', b'0', b'0', b'0', b'0', b'0', b'0', b'1', b'0', b'0', b'0', b'0', NULL, NULL, NULL, NULL, 0, 100, 0, 0, 0),
(73, 'WT73', 5, 0, 0, 0, 0, 0, b'0', b'0', b'0', b'0', b'0', b'0', b'0', b'0', b'0', b'0', b'0', b'0', b'0', b'0', b'0', b'1', b'0', b'0', b'0', b'0', NULL, NULL, NULL, NULL, 0, 100, 0, 0, 0),
(74, 'WT74', 5, 0, 0, 0, 0, 0, b'0', b'0', b'0', b'0', b'0', b'0', b'0', b'0', b'0', b'0', b'0', b'0', b'0', b'0', b'0', b'1', b'0', b'0', b'0', b'0', NULL, NULL, NULL, NULL, 0, 100, 0, 0, 0),
(75, 'WT75', 5, 0, 0, 0, 0, 0, b'0', b'0', b'0', b'0', b'0', b'0', b'0', b'0', b'0', b'0', b'0', b'0', b'0', b'0', b'0', b'1', b'0', b'0', b'0', b'0', NULL, NULL, NULL, NULL, 0, 100, 0, 0, 0),
(76, 'WT76', 5, 0, 0, 0, 0, 0, b'0', b'0', b'0', b'0', b'0', b'0', b'0', b'0', b'0', b'0', b'0', b'0', b'0', b'0', b'0', b'1', b'0', b'0', b'0', b'0', NULL, NULL, NULL, NULL, 0, 100, 0, 0, 0),
(77, 'WT77', 5, 0, 0, 0, 0, 0, b'0', b'0', b'0', b'0', b'0', b'0', b'0', b'0', b'0', b'0', b'0', b'0', b'0', b'0', b'0', b'1', b'0', b'0', b'0', b'0', NULL, NULL, NULL, NULL, 0, 100, 0, 0, 0),
(78, 'WT78', 5, 0, 0, 0, 0, 0, b'0', b'0', b'0', b'0', b'0', b'0', b'0', b'0', b'0', b'0', b'0', b'0', b'0', b'0', b'0', b'1', b'0', b'0', b'0', b'0', NULL, NULL, NULL, NULL, 0, 100, 0, 0, 0),
(79, 'WT79', 5, 0, 0, 0, 0, 0, b'0', b'0', b'0', b'0', b'0', b'0', b'0', b'0', b'0', b'0', b'0', b'0', b'0', b'0', b'0', b'1', b'0', b'0', b'0', b'0', NULL, NULL, NULL, NULL, 0, 100, 0, 0, 0),
(80, 'WT80', 5, 0, 0, 0, 0, 0, b'0', b'0', b'0', b'0', b'0', b'0', b'0', b'0', b'0', b'0', b'0', b'0', b'0', b'0', b'0', b'1', b'0', b'0', b'0', b'0', NULL, NULL, NULL, NULL, 0, 100, 0, 0, 0),
(81, 'WT81', 5, 0, 0, 0, 0, 0, b'0', b'0', b'0', b'0', b'0', b'0', b'0', b'0', b'0', b'0', b'0', b'0', b'0', b'0', b'0', b'1', b'0', b'0', b'0', b'0', NULL, NULL, NULL, NULL, 0, 100, 0, 0, 0),
(82, 'WT82', 5, 0, 0, 0, 0, 0, b'0', b'0', b'0', b'0', b'0', b'0', b'0', b'0', b'0', b'0', b'0', b'0', b'0', b'0', b'0', b'1', b'0', b'0', b'0', b'0', NULL, NULL, NULL, NULL, 0, 100, 0, 0, 0),
(83, 'WT83', 5, 0, 0, 0, 0, 0, b'0', b'0', b'0', b'0', b'0', b'0', b'0', b'0', b'0', b'0', b'0', b'0', b'0', b'0', b'0', b'1', b'0', b'0', b'0', b'0', NULL, NULL, NULL, NULL, 0, 100, 0, 0, 0),
(84, 'WT84', 5, 0, 0, 0, 0, 0, b'0', b'0', b'0', b'0', b'0', b'0', b'0', b'0', b'0', b'0', b'0', b'0', b'0', b'0', b'0', b'1', b'0', b'0', b'0', b'0', NULL, NULL, NULL, NULL, 0, 100, 0, 0, 0),
(85, 'WT85', 5, 0, 0, 0, 0, 0, b'0', b'0', b'0', b'0', b'0', b'0', b'0', b'0', b'0', b'0', b'0', b'0', b'0', b'0', b'0', b'1', b'0', b'0', b'0', b'0', NULL, NULL, NULL, NULL, 0, 100, 0, 0, 0),
(86, 'WT86', 5, 0, 0, 0, 0, 0, b'0', b'0', b'0', b'0', b'0', b'0', b'0', b'0', b'0', b'0', b'0', b'0', b'0', b'0', b'0', b'1', b'0', b'0', b'0', b'0', NULL, NULL, NULL, NULL, 0, 100, 0, 0, 0),
(87, 'WT87', 5, 0, 0, 0, 0, 0, b'0', b'0', b'0', b'0', b'0', b'0', b'0', b'0', b'0', b'0', b'0', b'0', b'0', b'0', b'0', b'1', b'0', b'0', b'0', b'0', NULL, NULL, NULL, NULL, 0, 100, 0, 0, 0),
(88, 'WT88', 5, 0, 0, 0, 0, 0, b'0', b'0', b'0', b'0', b'0', b'0', b'0', b'0', b'0', b'0', b'0', b'0', b'0', b'0', b'0', b'1', b'0', b'0', b'0', b'0', NULL, NULL, NULL, NULL, 0, 100, 0, 0, 0),
(89, 'WT89', 5, 0, 0, 0, 0, 0, b'0', b'0', b'0', b'0', b'0', b'0', b'0', b'0', b'0', b'0', b'0', b'0', b'0', b'0', b'0', b'1', b'0', b'0', b'0', b'0', NULL, NULL, NULL, NULL, 0, 100, 0, 0, 0),
(90, 'WT90', 5, 0, 0, 0, 0, 0, b'0', b'0', b'0', b'0', b'0', b'0', b'0', b'0', b'0', b'0', b'0', b'0', b'0', b'0', b'0', b'1', b'0', b'0', b'0', b'0', NULL, NULL, NULL, NULL, 0, 100, 0, 0, 0),
(91, 'WT91', 5, 0, 0, 0, 0, 0, b'0', b'0', b'0', b'0', b'0', b'0', b'0', b'0', b'0', b'0', b'0', b'0', b'0', b'0', b'0', b'1', b'0', b'0', b'0', b'0', NULL, NULL, NULL, NULL, 0, 100, 0, 0, 0),
(92, 'WT92', 5, 0, 0, 0, 0, 0, b'0', b'0', b'0', b'0', b'0', b'0', b'0', b'0', b'0', b'0', b'0', b'0', b'0', b'0', b'0', b'1', b'0', b'0', b'0', b'0', NULL, NULL, NULL, NULL, 0, 100, 0, 0, 0),
(93, 'WT93', 5, 0, 0, 0, 0, 0, b'0', b'0', b'0', b'0', b'0', b'0', b'0', b'0', b'0', b'0', b'0', b'0', b'0', b'0', b'0', b'1', b'0', b'0', b'0', b'0', NULL, NULL, NULL, NULL, 0, 100, 0, 0, 0),
(94, 'WT94', 5, 0, 0, 0, 0, 0, b'0', b'0', b'0', b'0', b'0', b'0', b'0', b'0', b'0', b'0', b'0', b'0', b'0', b'0', b'0', b'1', b'0', b'0', b'0', b'0', NULL, NULL, NULL, NULL, 0, 100, 0, 0, 0),
(95, 'WT95', 5, 0, 0, 0, 0, 0, b'0', b'0', b'0', b'0', b'0', b'0', b'0', b'0', b'0', b'0', b'0', b'0', b'0', b'0', b'0', b'1', b'0', b'0', b'0', b'0', NULL, NULL, NULL, NULL, 0, 100, 0, 0, 0),
(96, 'WT96', 5, 0, 0, 0, 0, 0, b'0', b'0', b'0', b'0', b'0', b'0', b'0', b'0', b'0', b'0', b'0', b'0', b'0', b'0', b'0', b'1', b'0', b'0', b'0', b'0', NULL, NULL, NULL, NULL, 0, 100, 0, 0, 0),
(97, 'WT97', 5, 0, 0, 0, 0, 0, b'0', b'0', b'0', b'0', b'0', b'0', b'0', b'0', b'0', b'0', b'0', b'0', b'0', b'0', b'0', b'1', b'0', b'0', b'0', b'0', NULL, NULL, NULL, NULL, 0, 100, 0, 0, 0),
(98, 'WT98', 5, 0, 0, 0, 0, 0, b'0', b'0', b'0', b'0', b'0', b'0', b'0', b'0', b'0', b'0', b'0', b'0', b'0', b'0', b'0', b'1', b'0', b'0', b'0', b'0', NULL, NULL, NULL, NULL, 0, 100, 0, 0, 0),
(100, 'WT100', 5, 0, 0, 0, 0, 0, b'0', b'0', b'0', b'0', b'0', b'0', b'0', b'0', b'0', b'0', b'0', b'0', b'0', b'0', b'0', b'1', b'0', b'0', b'0', b'0', NULL, NULL, NULL, NULL, 0, 100, 0, 0, 0),
(120, 'Tag di prova', 19, 0, 0, 0, 0, 0, b'0', b'0', b'0', b'0', b'0', b'0', b'0', b'0', b'0', b'0', b'0', b'0', b'0', b'0', b'0', b'1', b'0', b'0', b'0', b'0', NULL, NULL, NULL, NULL, 0, 100, 0, 0, 0),
(121, 'NOME_000B5784F300', 18, 0, 0, 0, 0, 0, b'0', b'0', b'0', b'0', b'0', b'0', b'0', b'0', b'0', b'0', b'0', b'1', b'0', b'0', b'0', b'1', b'0', b'0', b'0', b'0', NULL, NULL, NULL, NULL, 0, 100, 0, 0, 0);

-- --------------------------------------------------------

--
-- Struttura della tabella `tag_mac`
--

CREATE TABLE `tag_mac` (
  `ID` int NOT NULL,
  `MAC` varchar(255) DEFAULT NULL,
  `TYPE` int DEFAULT NULL,
  `TAG_ID` int DEFAULT NULL
) ENGINE=InnoDB DEFAULT CHARSET=latin1;

--
-- Dump dei dati per la tabella `tag_mac`
--

INSERT INTO `tag_mac` (`ID`, `MAC`, `TYPE`, `TAG_ID`) VALUES
(23, '000B5784F35F', 0, 1),
(24, '4A2C', 1, 1),
(25, '000B5784F554', 0, 10),
(26, '4CA9', 1, 10),
(27, '000B5784F36A', 0, 11),
(28, '1D30', 1, 11),
(29, '000B5784F51D', 0, 12),
(30, '4889', 1, 12),
(31, '000B5784F365', 0, 13),
(32, '49B1', 1, 13),
(33, '000B5784F4A6', 0, 14),
(34, '401B', 1, 14),
(35, '000B5784F37A', 0, 15),
(36, '5B12', 1, 15),
(37, '000B5784F35C', 0, 16),
(38, '5785', 1, 16),
(39, '000B5784F553', 0, 17),
(40, '5419', 1, 17),
(41, '000B5784F473', 0, 18),
(42, '4B06', 1, 18),
(43, '000B5784F484', 0, 19),
(44, '5302', 1, 19),
(45, '000B5784F555', 0, 2),
(46, '5425', 1, 2),
(48, '48AC', 1, 20),
(49, '000B5784F364', 0, 21),
(50, '4AB2', 1, 21),
(51, '000B5784F4F4', 0, 22),
(52, '4A0D', 1, 22),
(53, '000B5784F595', 0, 23),
(54, '5B2D', 1, 23),
(55, '000B5784F46D', 0, 24),
(56, '1D80', 1, 24),
(57, '000B5784F371', 0, 25),
(58, '5393', 1, 25),
(59, '000B5784F54D', 0, 3),
(60, '568F', 1, 3),
(61, '000B5784F3D1', 0, 4),
(62, '4ABA', 1, 4),
(63, '000B5784F594', 0, 5),
(64, '5A9B', 1, 5),
(65, '000B5784F54A', 0, 6),
(66, '541F', 1, 6),
(67, '000B5784F474', 0, 7),
(68, '4927', 1, 7),
(69, '000B5784F357', 0, 8),
(70, '5A34', 1, 8),
(71, '000B5784F459', 0, 9),
(72, '52B8', 1, 9),
(73, '000000000100', 0, 100),
(74, '000000000026', 0, 26),
(75, '000000000027', 0, 27),
(76, '000000000028', 0, 28),
(77, '000000000029', 0, 29),
(78, '000000000030', 0, 30),
(79, '000000000031', 0, 31),
(80, '000000000032', 0, 32),
(81, '000000000033', 0, 33),
(82, '000000000034', 0, 34),
(83, '000000000035', 0, 35),
(84, '000000000036', 0, 36),
(85, '000000000037', 0, 37),
(86, '000000000038', 0, 38),
(87, '000000000039', 0, 39),
(88, '000000000040', 0, 40),
(89, '000000000041', 0, 41),
(90, '000000000042', 0, 42),
(91, '000000000043', 0, 43),
(92, '000000000044', 0, 44),
(93, '000000000045', 0, 45),
(94, '000000000046', 0, 46),
(95, '000000000047', 0, 47),
(96, '000000000048', 0, 48),
(97, '000000000049', 0, 49),
(98, '000000000050', 0, 50),
(99, '000000000051', 0, 51),
(100, '000000000052', 0, 52),
(101, '000000000053', 0, 53),
(102, '000000000054', 0, 54),
(103, '000000000055', 0, 55),
(104, '000000000056', 0, 56),
(105, '000000000057', 0, 57),
(106, '000000000058', 0, 58),
(107, '000000000059', 0, 59),
(108, '000000000060', 0, 60),
(109, '000000000061', 0, 61),
(110, '000000000062', 0, 62),
(111, '000000000063', 0, 63),
(112, '000000000064', 0, 64),
(113, '000000000065', 0, 65),
(114, '000000000066', 0, 66),
(115, '000000000067', 0, 67),
(116, '000000000068', 0, 68),
(117, '000000000069', 0, 69),
(118, '000000000070', 0, 70),
(119, '000000000071', 0, 71),
(120, '000000000072', 0, 72),
(121, '000000000073', 0, 73),
(122, '000000000074', 0, 74),
(123, '000000000075', 0, 75),
(124, '000000000076', 0, 76),
(125, '000000000077', 0, 77),
(126, '000000000078', 0, 78),
(127, '000000000079', 0, 79),
(128, '000000000080', 0, 80),
(129, '000000000081', 0, 81),
(130, '000000000082', 0, 82),
(131, '000000000083', 0, 83),
(132, '000000000084', 0, 84),
(133, '000000000085', 0, 85),
(134, '000000000086', 0, 86),
(135, '000000000087', 0, 87),
(136, '000000000088', 0, 88),
(137, '000000000089', 0, 89),
(138, '000000000090', 0, 90),
(139, '000000000091', 0, 91),
(140, '000000000092', 0, 92),
(141, '000000000093', 0, 93),
(142, '000000000094', 0, 94),
(143, '000000000095', 0, 95),
(144, '000000000096', 0, 96),
(145, '000000000097', 0, 97),
(146, '000000000098', 0, 98),
(148, '000B5784F300', 18, 121);

-- --------------------------------------------------------

--
-- Struttura della tabella `tag_rangings`
--

CREATE TABLE `tag_rangings` (
  `TAG_ID` int NOT NULL,
  `RANGINGS` varchar(255) DEFAULT NULL,
  `TIME` datetime NOT NULL DEFAULT CURRENT_TIMESTAMP
) ENGINE=InnoDB DEFAULT CHARSET=latin1;

--
-- Dump dei dati per la tabella `tag_rangings`
--

INSERT INTO `tag_rangings` (`TAG_ID`, `RANGINGS`) VALUES
(1, NULL),
(2, NULL),
(3, NULL),
(4, NULL),
(5, NULL),
(6, NULL),
(7, NULL),
(8, NULL),
(9, NULL),
(10, NULL),
(11, NULL),
(12, NULL),
(13, NULL),
(14, NULL),
(15, NULL),
(16, NULL),
(17, NULL),
(18, NULL),
(19, NULL),
(21, NULL),
(22, NULL),
(23, NULL),
(24, NULL),
(25, NULL),
(26, NULL),
(27, NULL),
(28, NULL),
(29, NULL),
(30, NULL),
(32, NULL),
(33, NULL),
(34, NULL),
(35, NULL),
(36, NULL),
(37, NULL),
(38, NULL),
(39, NULL),
(40, NULL),
(41, NULL),
(42, NULL),
(43, NULL),
(44, NULL),
(45, NULL),
(46, NULL),
(47, NULL),
(48, NULL),
(49, NULL),
(50, NULL),
(51, NULL),
(52, NULL),
(53, NULL),
(54, NULL),
(55, NULL),
(56, NULL),
(57, NULL),
(58, NULL),
(59, NULL),
(60, NULL),
(61, NULL),
(62, NULL),
(63, NULL),
(64, NULL),
(65, NULL),
(66, NULL),
(67, NULL),
(68, NULL),
(69, NULL),
(70, NULL),
(71, NULL),
(72, NULL),
(73, NULL),
(74, NULL),
(75, NULL),
(76, NULL),
(77, NULL),
(78, NULL),
(79, NULL),
(80, NULL),
(81, NULL),
(82, NULL),
(83, NULL),
(84, NULL),
(85, NULL),
(86, NULL),
(87, NULL),
(88, NULL),
(89, NULL),
(90, NULL),
(91, NULL),
(92, NULL),
(93, NULL),
(94, NULL),
(95, NULL),
(96, NULL),
(97, NULL),
(98, NULL),
(100, NULL),
(121, NULL);

-- --------------------------------------------------------

--
-- Struttura della tabella `tag_rangings2`
--

CREATE TABLE `tag_rangings2` (
  `TAG_ID` int NOT NULL DEFAULT '0',
  `ANCHOR_ID` int NOT NULL DEFAULT '0',
  `DISTANCE` double NOT NULL DEFAULT '0',
  `TIME` datetime DEFAULT CURRENT_TIMESTAMP
) ENGINE=InnoDB DEFAULT CHARSET=latin1;

-- --------------------------------------------------------

--
-- Struttura della tabella `tag_rfid`
--

CREATE TABLE `tag_rfid` (
  `ID` int NOT NULL,
  `NUMBER` varchar(255) NOT NULL,
  `TYPE` varchar(255) NOT NULL
) ENGINE=InnoDB DEFAULT CHARSET=utf8mb4 COLLATE=utf8mb4_0900_ai_ci;

--
-- Dump dei dati per la tabella `tag_rfid`
--

INSERT INTO `tag_rfid` (`ID`, `NUMBER`, `TYPE`) VALUES
(1, '00001', 'bls'),
(2, '00002', 'wan'),
(3, '0004', 'new value');

-- --------------------------------------------------------

--
-- Struttura della tabella `tag_types`
--

CREATE TABLE `tag_types` (
  `ID` int NOT NULL,
  `DESCRIPTION` varchar(255) DEFAULT NULL,
  `SLEEP_TIME_INDOOR` int DEFAULT NULL,
  `SLEEP_TIME_OUTDOOR` int DEFAULT NULL,
  `ICON_NAME` varchar(255) DEFAULT NULL
) ENGINE=InnoDB DEFAULT CHARSET=latin1;

--
-- Dump dei dati per la tabella `tag_types`
--

INSERT INTO `tag_types` (`ID`, `DESCRIPTION`, `SLEEP_TIME_INDOOR`, `SLEEP_TIME_OUTDOOR`, `ICON_NAME`) VALUES
(1, 'RTLS SAFETY BLE (ENGINE)', 0, 0, NULL),
(2, 'DEPRECATED', 1800000, 0, NULL),
(3, 'DEPRECATED', 1800000, 0, NULL),
(4, 'DEPRECATED', 1800000, 0, NULL),
(5, 'SAFETY UWB (LISTENER + BLUETOOTH ENGINE) ', 180000, 180000, NULL),
(6, 'SAFETY UWB WiFi REST', 1800000, 0, NULL),
(7, 'SAFETY UWB GPRS REST', 1800000, 0, NULL),
(8, 'SAFETY UWB NBIoT REST', 1800000, 0, NULL),
(9, 'DEPRECATED', 0, 1800000, NULL),
(10, 'DEPRECATED', 0, 1800000, NULL),
(11, 'SAFETY GPS NBIoT SATELLITARE REST', 180000, 180000, NULL),
(12, 'SAFETY GPS GPRS SATELLITARE REST', 0, 1800000, NULL),
(13, 'SAFETY UWB (UDP - ENGINE)', 1800000, 0, NULL),
(14, 'RTLS UWB (UDP - ENGINE)', 0, 0, NULL),
(15, 'RTLS UWB ACCEL (UDP - ENGINE)', 0, 0, NULL),
(16, 'RTLS UWB (UDP- ENGINE) GEO FENCE', 0, 0, NULL),
(17, 'RTLS SAFETY BLE K.A. (ENGINE)', 0, 0, NULL),
(18, 'AUTO ALARM', 1800000, 1800000, NULL),
(19, 'ILVA', 1800000, 1800000, NULL);

-- --------------------------------------------------------

--
-- Struttura della tabella `telegram`
--

CREATE TABLE `telegram` (
  `ID` int NOT NULL,
  `FILE_ID` varchar(255) NOT NULL
) ENGINE=InnoDB DEFAULT CHARSET=latin1;

-- --------------------------------------------------------

--
-- Struttura della tabella `tracking`
--

CREATE TABLE `tracking` (
  `ID` int NOT NULL,
  `ANCHOR_ID` int DEFAULT NULL,
  `EVENT_ID` int DEFAULT NULL,
  `TAG_ID` int DEFAULT NULL,
  `TIME` datetime DEFAULT NULL,
  `TAG_X_POS` double NOT NULL DEFAULT '-1',
  `TAG_Y_POS` double NOT NULL DEFAULT '-1',
  `PROTOCOL` int NOT NULL DEFAULT '0'
) ENGINE=InnoDB DEFAULT CHARSET=latin1;

--
-- Dump dei dati per la tabella `tracking`
--

INSERT INTO `tracking` (`ID`, `ANCHOR_ID`, `EVENT_ID`, `TAG_ID`, `TIME`, `TAG_X_POS`, `TAG_Y_POS`, `PROTOCOL`) VALUES
(1, 11, 10, 1, '2020-02-21 13:44:42', 64.01, 26.45, 1),
(2, NULL, 10, 1, '2020-02-21 14:14:45', 44.67, 8.88, 1),
(3, NULL, 10, 1, '2020-02-21 14:16:33', 44.67, 8.88, 1),
(4, 11, 10, 1, '2020-02-21 14:17:54', 64.01, 26.45, 1),
(5, 11, 10, 1, '2020-03-02 14:19:36', 64.01, 26.45, 1),
(6, 11, 10, 1, '2020-03-02 14:23:25', 64.01, 26.45, 1);

-- --------------------------------------------------------

--
-- Struttura della tabella `user`
--

CREATE TABLE `user` (
  `ID` int NOT NULL,
  `USERNAME` varchar(255) DEFAULT NULL,
  `PASSWORD` varchar(255) DEFAULT NULL,
  `ONE_LOCATION` bit(1) NOT NULL DEFAULT b'0',
  `EMAIL` varchar(255) DEFAULT NULL,
  `NAME` varchar(255) DEFAULT NULL,
  `ROLE` smallint NOT NULL DEFAULT '0',
  `PASSWORD_CHANGED` bit(1) NOT NULL DEFAULT b'0',
  `USER_SETTINGS` int DEFAULT '1',
  `EMAIL_ALERT` longtext,
  `BOT_URL` varchar(255) DEFAULT NULL,
  `BOT_CHAT_ID` varchar(255) DEFAULT NULL,
  `BOT_ICON_URL` longtext,
  `WEB_SERVICE_URL` varchar(255) DEFAULT NULL,
  `TELEPHONE_NUMBER` varchar(255) DEFAULT NULL
) ENGINE=InnoDB DEFAULT CHARSET=latin1;

--
-- Dump dei dati per la tabella `user`
--

INSERT INTO `user` (`ID`, `USERNAME`, `PASSWORD`, `ONE_LOCATION`, `EMAIL`, `NAME`, `ROLE`, `PASSWORD_CHANGED`, `USER_SETTINGS`, `EMAIL_ALERT`, `BOT_URL`, `BOT_CHAT_ID`, `BOT_ICON_URL`, `WEB_SERVICE_URL`, `TELEPHONE_NUMBER`) VALUES
(1, 'simone', '$2y$10$VU35zsvY0K32RMqCtFXj7.Vghi9h.79l5d4uvNwhIa4zmGCzHMDkC', b'0', 'simone.peirani@smarttrack.it', 'simone', 1, b'1', 1, NULL, '690809721:AAHWsJ89al96ER7Os7Q0_Hg_VGeZCuRG7Kg', '-379653968', 'https://www.dropbox.com/s/jo946w2ya534jvm/UomoATerra.jpg?dl=0,https://www.dropbox.com/s/ghgqlplpqygqbc0/Battery.jpg?dl=0,https://www.dropbox.com/s/k4n8i18x33tbrmv/UomoATerraDis.jpg?dl=0,https://www.dropbox.com/s/jeu6quooo60oxs6/RadioOff.jpg?dl=0,https://www.dropbox.com/s/58nq31yf249dlu2/Safe.jpg?dl=0,https://www.dropbox.com/s/d9zqfpmkm3pi4cp/FullBattery.jpg?dl=0,https://www.dropbox.com/s/3dd3qopndaq3ge3/anchor_low.jpg?dl=0,https://www.dropbox.com/s/gvc1k8w55gswcev/UomoATerraEn.jpg?dl=0,https://www.dropbox.com/s/on07kf13ss0p3ai/RadioOn.jpg?dl=0,https://www.dropbox.com/s/eidz7gre38r4yqi/positionCng.jpg?dl=0,https://www.dropbox.com/s/g0q3fj8d5xhwdyg/Diagnostic.jpg?dl=0,https://www.dropbox.com/s/jpn44epjdj0b4pp/TacitateStart.jpg?dl=0,https://www.dropbox.com/s/er0eyoe4nc4dwe4/TacitateStop.jpg?dl=0,https://www.dropbox.com/s/g6tjcqxi4ca4sh9/CallMeR.jpg?dl=0,https://www.dropbox.com/s/4i6lj6pka70k4b3/CallMeT.jpg?dl=0,https://www.dropbox.com/s/41is2ekpg0ngwcv/EvacStart.jpg?dl=0,https://www.dropbox.com/s/hwkfknh8trlakbs/EvacStop.jpg?dl=0,https://www.dropbox.com/s/2iol224c0s91guj/Exit.jpg?dl=0,https://www.dropbox.com/s/fr82jeftazjyt7w/FuoriCampo.jpg?dl=0,https://www.dropbox.com/s/o5squt246enqw9j/manInQuote.jpg?dl=0,https://www.dropbox.com/s/k4qagpet0afwltu/sos-warning.jpg?dl=0,https://www.dropbox.com/s/9jy9gaqcmrjcong/Elmetto_404.jpg?dl=0,https://www.dropbox.com/s/oc6uf6praoecqyy/Cintura_404.jpg?dl=0,https://www.dropbox.com/s/2w47iw064ys7whc/Guanto_404.jpg?dl=0,https://www.dropbox.com/s/m6o6odldtg5hjj1/Elmetto.jpg?dl=0,https://www.dropbox.com/s/2us69c03txezuo9/Cintura.jpg?dl=0,https://www.dropbox.com/s/ih7nim89ns7k2uv/Guanto.jpg?dl=0,https://www.dropbox.com/s/7zlzmgba3n6m9cu/anchor_full.jpg?dl=0,https://www.dropbox.com/s/dxoaqzwvkbpxtzq/anchor_404.jpg?dl=0,https://www.dropbox.com/s/29gs0ac259ofax1/anchor.jpg?dl=0', 'http://localhost:8080/REST/rest/safety/set/test/setEvent?', NULL),
(6, 'saverio', '$2y$10$r.gKLXRzDv1FQ2lCQQwzmenLvaeytDa7ZPVhZju2RNBnTTJVuIZPq', b'0', 'saverio.pagano@smarttrack.it', 'saverio', 2, b'1', 1, NULL, NULL, NULL, NULL, NULL, NULL),
(11, 'alessandro', '$2y$10$B5TG8KG3fgF50xitHSsDgOYNgQQRmDW48ChesudSfw4.OHQxV0kNK', b'0', 'alessandro.cortese@smarttrack.it', 'alessandro', 0, b'1', 1, NULL, NULL, NULL, NULL, NULL, NULL),
(13, 'tracker', '$2y$10$Sq7GdPEebRTpZT1jgtuwiONAF7Y5VpASjTBw.dH9bmR9kv1n/roW6', b'0', NULL, 'tracker', 3, b'1', 1, NULL, NULL, NULL, NULL, NULL, NULL);

-- --------------------------------------------------------

--
-- Struttura della tabella `user_has_location`
--

CREATE TABLE `user_has_location` (
  `USER_ID` int NOT NULL,
  `LOCATION_ID` int NOT NULL
) ENGINE=InnoDB DEFAULT CHARSET=latin1;

--
-- Dump dei dati per la tabella `user_has_location`
--

INSERT INTO `user_has_location` (`USER_ID`, `LOCATION_ID`) VALUES
(1, 12),
(6, 12),
(11, 12),
(12, 12),
(13, 12),
(1, 13),
(1, 14),
(1, 15);

-- --------------------------------------------------------

--
-- Struttura della tabella `user_settings`
--

CREATE TABLE `user_settings` (
  `ID` int NOT NULL,
  `GRID_ON` bit(1) NOT NULL DEFAULT b'1',
  `ANCHORS_ON` bit(1) NOT NULL DEFAULT b'1',
  `CAMERAS_ON` bit(1) NOT NULL DEFAULT b'1',
  `OUTAG_ON` bit(1) NOT NULL DEFAULT b'1',
  `ZONES_ON` bit(1) NOT NULL DEFAULT b'1',
  `SOUND_ON` bit(1) NOT NULL DEFAULT b'1',
  `OUTDOOR_TAG_ON` bit(1) NOT NULL DEFAULT b'1',
  `TABLE_SORTING` bit(1) NOT NULL DEFAULT b'1'
) ENGINE=InnoDB DEFAULT CHARSET=latin1;

--
-- Dump dei dati per la tabella `user_settings`
--

INSERT INTO `user_settings` (`ID`, `GRID_ON`, `ANCHORS_ON`, `CAMERAS_ON`, `OUTAG_ON`, `ZONES_ON`, `SOUND_ON`, `OUTDOOR_TAG_ON`, `TABLE_SORTING`) VALUES
(1, b'1', b'1', b'0', b'0', b'1', b'0', b'0', b'1'),
(2, b'1', b'1', b'1', b'1', b'1', b'1', b'1', b'1'),
(3, b'1', b'1', b'1', b'1', b'1', b'1', b'1', b'1'),
(4, b'1', b'1', b'1', b'1', b'1', b'1', b'1', b'1'),
(5, b'1', b'1', b'1', b'1', b'1', b'1', b'1', b'1'),
(6, b'1', b'1', b'1', b'1', b'1', b'1', b'1', b'1'),
(7, b'1', b'1', b'1', b'1', b'1', b'1', b'1', b'1'),
(8, b'1', b'1', b'1', b'1', b'1', b'1', b'1', b'1'),
(9, b'1', b'1', b'1', b'1', b'1', b'1', b'1', b'1'),
(10, b'1', b'1', b'1', b'1', b'1', b'1', b'1', b'1'),
(11, b'1', b'1', b'1', b'1', b'1', b'1', b'1', b'1'),
(12, b'1', b'1', b'1', b'1', b'1', b'1', b'1', b'1'),
(13, b'1', b'1', b'1', b'1', b'1', b'1', b'1', b'1'),
(14, b'1', b'1', b'1', b'1', b'1', b'1', b'1', b'1'),
(15, b'1', b'1', b'1', b'1', b'1', b'1', b'1', b'1'),
(16, b'1', b'1', b'1', b'1', b'1', b'1', b'1', b'1'),
(17, b'1', b'1', b'1', b'1', b'1', b'1', b'1', b'1'),
(18, b'1', b'1', b'1', b'1', b'1', b'1', b'1', b'1'),
(19, b'1', b'1', b'1', b'1', b'1', b'1', b'1', b'1');

-- --------------------------------------------------------

--
-- Struttura della tabella `wetag_settings`
--

CREATE TABLE `wetag_settings` (
  `TAG_ID` int NOT NULL,
  `ALARM_TIMING` int NOT NULL DEFAULT '10',
  `DISABLE_TIMING` int NOT NULL DEFAULT '1',
  `NO_MOV_TIMING` int NOT NULL DEFAULT '1',
  `ADV_RATE` int NOT NULL DEFAULT '1',
  `SCANNING_RATE` int NOT NULL DEFAULT '1',
  `POWER_LEVEL` int NOT NULL DEFAULT '8',
  `LND_PRT_TIMING` int NOT NULL DEFAULT '1',
  `FREEFALL_THD` int NOT NULL DEFAULT '1',
  `SCANNING_PKT` int NOT NULL DEFAULT '1',
  `TYPE` int NOT NULL DEFAULT '1',
  `KA` int NOT NULL DEFAULT '1',
  `MAC_FILTER` varchar(255) NOT NULL DEFAULT '',
  `ADVERTISE_IS_HERE` int NOT NULL DEFAULT '1',
  `SIM_IS_HERE` int NOT NULL DEFAULT '1',
  `WIFI_IS_HERE` int NOT NULL DEFAULT '1',
  `PERIODIC_SOUND` int NOT NULL DEFAULT '1',
  `MD_MODE` int NOT NULL DEFAULT '1',
  `REST_NAME` varchar(255) NOT NULL DEFAULT '',
  `SERVER_IP` varchar(255) NOT NULL DEFAULT '',
  `SSID_WIFI` varchar(255) NOT NULL DEFAULT '',
  `PWD_WIFI` varchar(255) NOT NULL DEFAULT '',
  `IP_GATEWAY_WIFI` varchar(255) NOT NULL DEFAULT '',
  `IP_WETAG_WIFI` varchar(255) NOT NULL DEFAULT '',
  `APN_NAME` varchar(255) NOT NULL DEFAULT '',
  `APN_CODE` varchar(255) NOT NULL DEFAULT '',
  `MAC_UWB` varchar(255) NOT NULL DEFAULT '',
  `UDP_PORT_UWB` int DEFAULT NULL,
  `GEOFENCE_THD` int NOT NULL DEFAULT '1',
  `TACITATION_MODE` int NOT NULL DEFAULT '0',
  `LND_PRT_ANGLE` int NOT NULL DEFAULT '7',
  `BEACON_TYPE` int NOT NULL DEFAULT '0',
  `CALL_ME_MODE` int NOT NULL DEFAULT '2',
  `STANDBY_MODE` int NOT NULL DEFAULT '0'
) ENGINE=InnoDB DEFAULT CHARSET=latin1;

--
-- Dump dei dati per la tabella `wetag_settings`
--

INSERT INTO `wetag_settings` (`TAG_ID`, `ALARM_TIMING`, `DISABLE_TIMING`, `NO_MOV_TIMING`, `ADV_RATE`, `SCANNING_RATE`, `POWER_LEVEL`, `LND_PRT_TIMING`, `FREEFALL_THD`, `SCANNING_PKT`, `TYPE`, `KA`, `MAC_FILTER`, `ADVERTISE_IS_HERE`, `SIM_IS_HERE`, `WIFI_IS_HERE`, `PERIODIC_SOUND`, `MD_MODE`, `REST_NAME`, `SERVER_IP`, `SSID_WIFI`, `PWD_WIFI`, `IP_GATEWAY_WIFI`, `IP_WETAG_WIFI`, `APN_NAME`, `APN_CODE`, `MAC_UWB`, `UDP_PORT_UWB`, `GEOFENCE_THD`, `TACITATION_MODE`, `LND_PRT_ANGLE`, `BEACON_TYPE`, `CALL_ME_MODE`, `STANDBY_MODE`) VALUES
(1, 10, 1, 1, 1, 1, 8, 1, 1, 1, 5, 1, '', 1, 1, 1, 1, 1, '', '', '', '', '', '', '', '', '', NULL, 1, 0, 7, 0, 2, 0),
(2, 10, 1, 1, 1, 1, 8, 1, 1, 1, 5, 1, '', 1, 1, 1, 1, 1, '', '', '', '', '', '', '', '', '', NULL, 1, 0, 7, 0, 2, 0),
(3, 10, 1, 1, 1, 1, 8, 1, 1, 1, 5, 1, '', 1, 1, 1, 1, 1, '', '', '', '', '', '', '', '', '', NULL, 1, 0, 7, 0, 2, 0),
(4, 10, 1, 1, 1, 1, 8, 1, 1, 1, 5, 1, '', 1, 1, 1, 1, 1, '', '', '', '', '', '', '', '', '', NULL, 1, 0, 7, 0, 2, 0),
(5, 10, 1, 1, 1, 1, 8, 1, 1, 1, 5, 1, '', 1, 1, 1, 1, 1, '', '', '', '', '', '', '', '', '', NULL, 1, 0, 7, 0, 2, 0),
(6, 10, 1, 1, 1, 1, 8, 1, 1, 1, 5, 1, '', 1, 1, 1, 1, 1, '', '', '', '', '', '', '', '', '', NULL, 1, 0, 7, 0, 2, 0),
(7, 10, 1, 1, 1, 1, 8, 1, 1, 1, 5, 1, '', 1, 1, 1, 1, 1, '', '', '', '', '', '', '', '', '', NULL, 1, 0, 7, 0, 2, 0),
(8, 10, 1, 1, 1, 1, 8, 1, 1, 1, 5, 1, '', 1, 1, 1, 1, 1, '', '', '', '', '', '', '', '', '', NULL, 1, 0, 7, 0, 2, 0),
(9, 10, 1, 1, 1, 1, 8, 1, 1, 1, 5, 1, '', 1, 1, 1, 1, 1, '', '', '', '', '', '', '', '', '', NULL, 1, 0, 7, 0, 2, 0),
(10, 10, 1, 1, 1, 1, 8, 1, 1, 1, 5, 1, '', 1, 1, 1, 1, 1, '', '', '', '', '', '', '', '', '', NULL, 1, 0, 7, 0, 2, 0),
(11, 10, 1, 1, 1, 1, 8, 1, 1, 1, 5, 1, '', 1, 1, 1, 1, 1, '', '', '', '', '', '', '', '', '', NULL, 1, 0, 7, 0, 2, 0),
(12, 10, 1, 1, 1, 1, 8, 1, 1, 1, 5, 1, '', 1, 1, 1, 1, 1, '', '', '', '', '', '', '', '', '', NULL, 1, 0, 7, 0, 2, 0),
(13, 10, 1, 1, 1, 1, 8, 1, 1, 1, 5, 1, '', 1, 1, 1, 1, 1, '', '', '', '', '', '', '', '', '', NULL, 1, 0, 7, 0, 2, 0),
(14, 10, 1, 1, 1, 1, 8, 1, 1, 1, 5, 1, '', 1, 1, 1, 1, 1, '', '', '', '', '', '', '', '', '', NULL, 1, 0, 7, 0, 2, 0),
(15, 10, 1, 1, 1, 1, 8, 1, 1, 1, 5, 1, '', 1, 1, 1, 1, 1, '', '', '', '', '', '', '', '', '', NULL, 1, 0, 7, 0, 2, 0),
(16, 10, 1, 1, 1, 1, 8, 1, 1, 1, 5, 1, '', 1, 1, 1, 1, 1, '', '', '', '', '', '', '', '', '', NULL, 1, 0, 7, 0, 2, 0),
(17, 10, 1, 1, 1, 1, 8, 1, 1, 1, 5, 1, '', 1, 1, 1, 1, 1, '', '', '', '', '', '', '', '', '', NULL, 1, 0, 7, 0, 2, 0),
(18, 10, 1, 1, 1, 1, 8, 1, 1, 1, 5, 1, '', 1, 1, 1, 1, 1, '', '', '', '', '', '', '', '', '', NULL, 1, 0, 7, 0, 2, 0),
(19, 10, 1, 1, 1, 1, 8, 1, 1, 1, 5, 1, '', 1, 1, 1, 1, 1, '', '', '', '', '', '', '', '', '', NULL, 1, 0, 7, 0, 2, 0),
(21, 10, 1, 1, 1, 1, 8, 1, 1, 1, 5, 1, '', 1, 1, 1, 1, 1, '', '', '', '', '', '', '', '', '', NULL, 1, 0, 7, 0, 2, 0),
(22, 10, 1, 1, 1, 1, 8, 1, 1, 1, 5, 1, '', 1, 1, 1, 1, 1, '', '', '', '', '', '', '', '', '', NULL, 1, 0, 7, 0, 2, 0),
(23, 10, 1, 1, 1, 1, 8, 1, 1, 1, 5, 1, '', 1, 1, 1, 1, 1, '', '', '', '', '', '', '', '', '', NULL, 1, 0, 7, 0, 2, 0),
(24, 10, 1, 1, 1, 1, 8, 1, 1, 1, 5, 1, '', 1, 1, 1, 1, 1, '', '', '', '', '', '', '', '', '', NULL, 1, 0, 7, 0, 2, 0),
(25, 10, 1, 1, 1, 1, 8, 1, 1, 1, 5, 1, '', 1, 1, 1, 1, 1, '', '', '', '', '', '', '', '', '', NULL, 1, 0, 7, 0, 2, 0),
(26, 10, 1, 1, 1, 1, 8, 1, 1, 1, 5, 1, '', 1, 1, 1, 1, 1, '', '', '', '', '', '', '', '', '', NULL, 1, 0, 7, 0, 2, 0),
(27, 10, 1, 1, 1, 1, 8, 1, 1, 1, 5, 1, '', 1, 1, 1, 1, 1, '', '', '', '', '', '', '', '', '', NULL, 1, 0, 7, 0, 2, 0),
(28, 10, 1, 1, 1, 1, 8, 1, 1, 1, 5, 1, '', 1, 1, 1, 1, 1, '', '', '', '', '', '', '', '', '', NULL, 1, 0, 7, 0, 2, 0),
(29, 10, 1, 1, 1, 1, 8, 1, 1, 1, 5, 1, '', 1, 1, 1, 1, 1, '', '', '', '', '', '', '', '', '', NULL, 1, 0, 7, 0, 2, 0),
(30, 10, 1, 1, 1, 1, 8, 1, 1, 1, 5, 1, '', 1, 1, 1, 1, 1, '', '', '', '', '', '', '', '', '', NULL, 1, 0, 7, 0, 2, 0),
(31, 10, 1, 1, 1, 1, 8, 1, 1, 1, 5, 1, '', 1, 1, 1, 1, 1, '', '', '', '', '', '', '', '', '', NULL, 1, 0, 7, 0, 2, 0),
(32, 10, 1, 1, 1, 1, 8, 1, 1, 1, 5, 1, '', 1, 1, 1, 1, 1, '', '', '', '', '', '', '', '', '', NULL, 1, 0, 7, 0, 2, 0),
(33, 10, 1, 1, 1, 1, 8, 1, 1, 1, 5, 1, '', 1, 1, 1, 1, 1, '', '', '', '', '', '', '', '', '', NULL, 1, 0, 7, 0, 2, 0),
(34, 10, 1, 1, 1, 1, 8, 1, 1, 1, 5, 1, '', 1, 1, 1, 1, 1, '', '', '', '', '', '', '', '', '', NULL, 1, 0, 7, 0, 2, 0),
(35, 10, 1, 1, 1, 1, 8, 1, 1, 1, 5, 1, '', 1, 1, 1, 1, 1, '', '', '', '', '', '', '', '', '', NULL, 1, 0, 7, 0, 2, 0),
(36, 10, 1, 1, 1, 1, 8, 1, 1, 1, 5, 1, '', 1, 1, 1, 1, 1, '', '', '', '', '', '', '', '', '', NULL, 1, 0, 7, 0, 2, 0),
(37, 10, 1, 1, 1, 1, 8, 1, 1, 1, 5, 1, '', 1, 1, 1, 1, 1, '', '', '', '', '', '', '', '', '', NULL, 1, 0, 7, 0, 2, 0),
(38, 10, 1, 1, 1, 1, 8, 1, 1, 1, 5, 1, '', 1, 1, 1, 1, 1, '', '', '', '', '', '', '', '', '', NULL, 1, 0, 7, 0, 2, 0),
(39, 10, 1, 1, 1, 1, 8, 1, 1, 1, 5, 1, '', 1, 1, 1, 1, 1, '', '', '', '', '', '', '', '', '', NULL, 1, 0, 7, 0, 2, 0),
(40, 10, 1, 1, 1, 1, 8, 1, 1, 1, 5, 1, '', 1, 1, 1, 1, 1, '', '', '', '', '', '', '', '', '', NULL, 1, 0, 7, 0, 2, 0),
(41, 10, 1, 1, 1, 1, 8, 1, 1, 1, 5, 1, '', 1, 1, 1, 1, 1, '', '', '', '', '', '', '', '', '', NULL, 1, 0, 7, 0, 2, 0),
(42, 10, 1, 1, 1, 1, 8, 1, 1, 1, 5, 1, '', 1, 1, 1, 1, 1, '', '', '', '', '', '', '', '', '', NULL, 1, 0, 7, 0, 2, 0),
(43, 10, 1, 1, 1, 1, 8, 1, 1, 1, 5, 1, '', 1, 1, 1, 1, 1, '', '', '', '', '', '', '', '', '', NULL, 1, 0, 7, 0, 2, 0),
(44, 10, 1, 1, 1, 1, 8, 1, 1, 1, 5, 1, '', 1, 1, 1, 1, 1, '', '', '', '', '', '', '', '', '', NULL, 1, 0, 7, 0, 2, 0),
(45, 10, 1, 1, 1, 1, 8, 1, 1, 1, 5, 1, '', 1, 1, 1, 1, 1, '', '', '', '', '', '', '', '', '', NULL, 1, 0, 7, 0, 2, 0),
(46, 10, 1, 1, 1, 1, 8, 1, 1, 1, 5, 1, '', 1, 1, 1, 1, 1, '', '', '', '', '', '', '', '', '', NULL, 1, 0, 7, 0, 2, 0),
(47, 10, 1, 1, 1, 1, 8, 1, 1, 1, 5, 1, '', 1, 1, 1, 1, 1, '', '', '', '', '', '', '', '', '', NULL, 1, 0, 7, 0, 2, 0),
(48, 10, 1, 1, 1, 1, 8, 1, 1, 1, 5, 1, '', 1, 1, 1, 1, 1, '', '', '', '', '', '', '', '', '', NULL, 1, 0, 7, 0, 2, 0),
(49, 10, 1, 1, 1, 1, 8, 1, 1, 1, 5, 1, '', 1, 1, 1, 1, 1, '', '', '', '', '', '', '', '', '', NULL, 1, 0, 7, 0, 2, 0),
(50, 10, 1, 1, 1, 1, 8, 1, 1, 1, 5, 1, '', 1, 1, 1, 1, 1, '', '', '', '', '', '', '', '', '', NULL, 1, 0, 7, 0, 2, 0),
(51, 10, 1, 1, 1, 1, 8, 1, 1, 1, 5, 1, '', 1, 1, 1, 1, 1, '', '', '', '', '', '', '', '', '', NULL, 1, 0, 7, 0, 2, 0),
(52, 10, 1, 1, 1, 1, 8, 1, 1, 1, 5, 1, '', 1, 1, 1, 1, 1, '', '', '', '', '', '', '', '', '', NULL, 1, 0, 7, 0, 2, 0),
(53, 10, 1, 1, 1, 1, 8, 1, 1, 1, 5, 1, '', 1, 1, 1, 1, 1, '', '', '', '', '', '', '', '', '', NULL, 1, 0, 7, 0, 2, 0),
(54, 10, 1, 1, 1, 1, 8, 1, 1, 1, 5, 1, '', 1, 1, 1, 1, 1, '', '', '', '', '', '', '', '', '', NULL, 1, 0, 7, 0, 2, 0),
(55, 10, 1, 1, 1, 1, 8, 1, 1, 1, 5, 1, '', 1, 1, 1, 1, 1, '', '', '', '', '', '', '', '', '', NULL, 1, 0, 7, 0, 2, 0),
(56, 10, 1, 1, 1, 1, 8, 1, 1, 1, 5, 1, '', 1, 1, 1, 1, 1, '', '', '', '', '', '', '', '', '', NULL, 1, 0, 7, 0, 2, 0),
(57, 10, 1, 1, 1, 1, 8, 1, 1, 1, 5, 1, '', 1, 1, 1, 1, 1, '', '', '', '', '', '', '', '', '', NULL, 1, 0, 7, 0, 2, 0),
(58, 10, 1, 1, 1, 1, 8, 1, 1, 1, 5, 1, '', 1, 1, 1, 1, 1, '', '', '', '', '', '', '', '', '', NULL, 1, 0, 7, 0, 2, 0),
(59, 10, 1, 1, 1, 1, 8, 1, 1, 1, 5, 1, '', 1, 1, 1, 1, 1, '', '', '', '', '', '', '', '', '', NULL, 1, 0, 7, 0, 2, 0),
(60, 10, 1, 1, 1, 1, 8, 1, 1, 1, 5, 1, '', 1, 1, 1, 1, 1, '', '', '', '', '', '', '', '', '', NULL, 1, 0, 7, 0, 2, 0),
(61, 10, 1, 1, 1, 1, 8, 1, 1, 1, 5, 1, '', 1, 1, 1, 1, 1, '', '', '', '', '', '', '', '', '', NULL, 1, 0, 7, 0, 2, 0),
(62, 10, 1, 1, 1, 1, 8, 1, 1, 1, 5, 1, '', 1, 1, 1, 1, 1, '', '', '', '', '', '', '', '', '', NULL, 1, 0, 7, 0, 2, 0),
(63, 10, 1, 1, 1, 1, 8, 1, 1, 1, 5, 1, '', 1, 1, 1, 1, 1, '', '', '', '', '', '', '', '', '', NULL, 1, 0, 7, 0, 2, 0),
(64, 10, 1, 1, 1, 1, 8, 1, 1, 1, 5, 1, '', 1, 1, 1, 1, 1, '', '', '', '', '', '', '', '', '', NULL, 1, 0, 7, 0, 2, 0),
(65, 10, 1, 1, 1, 1, 8, 1, 1, 1, 5, 1, '', 1, 1, 1, 1, 1, '', '', '', '', '', '', '', '', '', NULL, 1, 0, 7, 0, 2, 0),
(66, 10, 1, 1, 1, 1, 8, 1, 1, 1, 5, 1, '', 1, 1, 1, 1, 1, '', '', '', '', '', '', '', '', '', NULL, 1, 0, 7, 0, 2, 0),
(67, 10, 1, 1, 1, 1, 8, 1, 1, 1, 5, 1, '', 1, 1, 1, 1, 1, '', '', '', '', '', '', '', '', '', NULL, 1, 0, 7, 0, 2, 0),
(68, 10, 1, 1, 1, 1, 8, 1, 1, 1, 5, 1, '', 1, 1, 1, 1, 1, '', '', '', '', '', '', '', '', '', NULL, 1, 0, 7, 0, 2, 0),
(69, 10, 1, 1, 1, 1, 8, 1, 1, 1, 5, 1, '', 1, 1, 1, 1, 1, '', '', '', '', '', '', '', '', '', NULL, 1, 0, 7, 0, 2, 0),
(70, 10, 1, 1, 1, 1, 8, 1, 1, 1, 5, 1, '', 1, 1, 1, 1, 1, '', '', '', '', '', '', '', '', '', NULL, 1, 0, 7, 0, 2, 0),
(71, 10, 1, 1, 1, 1, 8, 1, 1, 1, 5, 1, '', 1, 1, 1, 1, 1, '', '', '', '', '', '', '', '', '', NULL, 1, 0, 7, 0, 2, 0),
(72, 10, 1, 1, 1, 1, 8, 1, 1, 1, 5, 1, '', 1, 1, 1, 1, 1, '', '', '', '', '', '', '', '', '', NULL, 1, 0, 7, 0, 2, 0),
(73, 10, 1, 1, 1, 1, 8, 1, 1, 1, 5, 1, '', 1, 1, 1, 1, 1, '', '', '', '', '', '', '', '', '', NULL, 1, 0, 7, 0, 2, 0),
(74, 10, 1, 1, 1, 1, 8, 1, 1, 1, 5, 1, '', 1, 1, 1, 1, 1, '', '', '', '', '', '', '', '', '', NULL, 1, 0, 7, 0, 2, 0),
(75, 10, 1, 1, 1, 1, 8, 1, 1, 1, 5, 1, '', 1, 1, 1, 1, 1, '', '', '', '', '', '', '', '', '', NULL, 1, 0, 7, 0, 2, 0),
(76, 10, 1, 1, 1, 1, 8, 1, 1, 1, 5, 1, '', 1, 1, 1, 1, 1, '', '', '', '', '', '', '', '', '', NULL, 1, 0, 7, 0, 2, 0),
(77, 10, 1, 1, 1, 1, 8, 1, 1, 1, 5, 1, '', 1, 1, 1, 1, 1, '', '', '', '', '', '', '', '', '', NULL, 1, 0, 7, 0, 2, 0),
(78, 10, 1, 1, 1, 1, 8, 1, 1, 1, 5, 1, '', 1, 1, 1, 1, 1, '', '', '', '', '', '', '', '', '', NULL, 1, 0, 7, 0, 2, 0),
(79, 10, 1, 1, 1, 1, 8, 1, 1, 1, 5, 1, '', 1, 1, 1, 1, 1, '', '', '', '', '', '', '', '', '', NULL, 1, 0, 7, 0, 2, 0),
(80, 10, 1, 1, 1, 1, 8, 1, 1, 1, 5, 1, '', 1, 1, 1, 1, 1, '', '', '', '', '', '', '', '', '', NULL, 1, 0, 7, 0, 2, 0),
(81, 10, 1, 1, 1, 1, 8, 1, 1, 1, 5, 1, '', 1, 1, 1, 1, 1, '', '', '', '', '', '', '', '', '', NULL, 1, 0, 7, 0, 2, 0),
(82, 10, 1, 1, 1, 1, 8, 1, 1, 1, 5, 1, '', 1, 1, 1, 1, 1, '', '', '', '', '', '', '', '', '', NULL, 1, 0, 7, 0, 2, 0),
(83, 10, 1, 1, 1, 1, 8, 1, 1, 1, 5, 1, '', 1, 1, 1, 1, 1, '', '', '', '', '', '', '', '', '', NULL, 1, 0, 7, 0, 2, 0),
(84, 10, 1, 1, 1, 1, 8, 1, 1, 1, 5, 1, '', 1, 1, 1, 1, 1, '', '', '', '', '', '', '', '', '', NULL, 1, 0, 7, 0, 2, 0),
(85, 10, 1, 1, 1, 1, 8, 1, 1, 1, 5, 1, '', 1, 1, 1, 1, 1, '', '', '', '', '', '', '', '', '', NULL, 1, 0, 7, 0, 2, 0),
(86, 10, 1, 1, 1, 1, 8, 1, 1, 1, 5, 1, '', 1, 1, 1, 1, 1, '', '', '', '', '', '', '', '', '', NULL, 1, 0, 7, 0, 2, 0),
(87, 10, 1, 1, 1, 1, 8, 1, 1, 1, 5, 1, '', 1, 1, 1, 1, 1, '', '', '', '', '', '', '', '', '', NULL, 1, 0, 7, 0, 2, 0),
(88, 10, 1, 1, 1, 1, 8, 1, 1, 1, 5, 1, '', 1, 1, 1, 1, 1, '', '', '', '', '', '', '', '', '', NULL, 1, 0, 7, 0, 2, 0),
(89, 10, 1, 1, 1, 1, 8, 1, 1, 1, 5, 1, '', 1, 1, 1, 1, 1, '', '', '', '', '', '', '', '', '', NULL, 1, 0, 7, 0, 2, 0),
(90, 10, 1, 1, 1, 1, 8, 1, 1, 1, 5, 1, '', 1, 1, 1, 1, 1, '', '', '', '', '', '', '', '', '', NULL, 1, 0, 7, 0, 2, 0),
(91, 10, 1, 1, 1, 1, 8, 1, 1, 1, 5, 1, '', 1, 1, 1, 1, 1, '', '', '', '', '', '', '', '', '', NULL, 1, 0, 7, 0, 2, 0),
(92, 10, 1, 1, 1, 1, 8, 1, 1, 1, 5, 1, '', 1, 1, 1, 1, 1, '', '', '', '', '', '', '', '', '', NULL, 1, 0, 7, 0, 2, 0),
(93, 10, 1, 1, 1, 1, 8, 1, 1, 1, 5, 1, '', 1, 1, 1, 1, 1, '', '', '', '', '', '', '', '', '', NULL, 1, 0, 7, 0, 2, 0),
(94, 10, 1, 1, 1, 1, 8, 1, 1, 1, 5, 1, '', 1, 1, 1, 1, 1, '', '', '', '', '', '', '', '', '', NULL, 1, 0, 7, 0, 2, 0),
(95, 10, 1, 1, 1, 1, 8, 1, 1, 1, 5, 1, '', 1, 1, 1, 1, 1, '', '', '', '', '', '', '', '', '', NULL, 1, 0, 7, 0, 2, 0),
(96, 10, 1, 1, 1, 1, 8, 1, 1, 1, 5, 1, '', 1, 1, 1, 1, 1, '', '', '', '', '', '', '', '', '', NULL, 1, 0, 7, 0, 2, 0),
(97, 10, 1, 1, 1, 1, 8, 1, 1, 1, 5, 1, '', 1, 1, 1, 1, 1, '', '', '', '', '', '', '', '', '', NULL, 1, 0, 7, 0, 2, 0),
(98, 10, 1, 1, 1, 1, 8, 1, 1, 1, 5, 1, '', 1, 1, 1, 1, 1, '', '', '', '', '', '', '', '', '', NULL, 1, 0, 7, 0, 2, 0),
(100, 10, 1, 1, 1, 1, 8, 1, 1, 1, 5, 1, '', 1, 1, 1, 1, 1, '', '', '', '', '', '', '', '', '', NULL, 1, 0, 7, 0, 2, 0),
(121, 0, 0, 0, 0, 0, 0, 1, 1, 1, 1, 1, '', 1, 1, 1, 1, 1, '', '', '', '', '', '', '', '', '', NULL, 1, 0, 7, 0, 2, 0);

-- --------------------------------------------------------

--
-- Struttura della tabella `wifi`
--

CREATE TABLE `wifi` (
  `ID` int NOT NULL,
  `IP` varchar(255) DEFAULT NULL,
  `MAC_SERVER_RTLS` varchar(255) DEFAULT NULL,
  `UDP_PORT_BLE` int DEFAULT NULL,
  `UDP_PORT_UWB` int DEFAULT NULL,
  `CALL_ALARM_URL` varchar(255) DEFAULT NULL
) ENGINE=InnoDB DEFAULT CHARSET=latin1;

--
-- Dump dei dati per la tabella `wifi`
--

INSERT INTO `wifi` (`ID`, `IP`, `MAC_SERVER_RTLS`, `UDP_PORT_BLE`, `UDP_PORT_UWB`, `CALL_ALARM_URL`) VALUES
(1, '177.177.177.160', 'aabbccddeeff', 5000, 5001, 'http://37.72.37.144/callTwilio/audio/CallLowBattery.xml,http://37.72.37.144/callTwilio/audio/CallManDown.xml,http://37.72.37.144/callTwilio/audio/CallSos.xml');

-- --------------------------------------------------------

--
-- Struttura della tabella `working_process`
--

CREATE TABLE `working_process` (
  `ID` int NOT NULL,
  `DESCRIPTION` varchar(255) NOT NULL DEFAULT '',
  `COLOR` varchar(255) NOT NULL DEFAULT '#000000',
  `FONT_COLOR` varchar(255) NOT NULL DEFAULT '#000000'
) ENGINE=InnoDB DEFAULT CHARSET=utf8mb4 COLLATE=utf8mb4_0900_ai_ci;

--
-- Dump dei dati per la tabella `working_process`
--

INSERT INTO `working_process` (`ID`, `DESCRIPTION`, `COLOR`, `FONT_COLOR`) VALUES
(1, 'Foratura', '#FFFAAA', '#000000'),
(2, 'Colaggio', '#FFCCAA', '#000000'),
(3, 'Riposo', '#003333', '#FFFFFF'),
(4, 'Sgombro area', '#000555', '#000555'),
(5, 'Carteggio', '#FFFFFF', '#FFFFFF'),
(6, 'Sconosciuto', '#00DD00', '#0000DD');

-- --------------------------------------------------------

--
-- Struttura della tabella `zone`
--

CREATE TABLE `zone` (
  `ID` int NOT NULL,
  `NAME` varchar(255) DEFAULT NULL,
  `X_LEFT` double DEFAULT NULL,
  `X_RIGHT` double DEFAULT NULL,
  `Y_UP` double DEFAULT NULL,
  `Y_DOWN` double DEFAULT NULL,
  `COLOR` varchar(255) NOT NULL DEFAULT '#FF0000',
  `RADIUS` float DEFAULT NULL,
  `GPS_NORTH` double DEFAULT NULL,
  `GPS_EAST` double DEFAULT NULL,
  `FLOOR_ID` int DEFAULT NULL,
  `LOCATION` varchar(255) DEFAULT NULL,
  `ISACTIVE` tinyint(1) NOT NULL DEFAULT '0',
  `EVENT_ID` int NOT NULL DEFAULT '0',
  `WORK_PROCESS_ID` int DEFAULT NULL,
  `PRIORITY` tinyint DEFAULT '0',
  `HEADER_ORDER` tinyint DEFAULT NULL,
  `HEADER_LEFT_SIDE` bit(1) DEFAULT NULL
) ENGINE=InnoDB DEFAULT CHARSET=latin1;

--
-- Dump dei dati per la tabella `zone`
--

INSERT INTO `zone` (`ID`, `NAME`, `X_LEFT`, `X_RIGHT`, `Y_UP`, `Y_DOWN`, `COLOR`, `RADIUS`, `GPS_NORTH`, `GPS_EAST`, `FLOOR_ID`, `LOCATION`, `ISACTIVE`, `EVENT_ID`, `WORK_PROCESS_ID`, `PRIORITY`, `HEADER_ORDER`, `HEADER_LEFT_SIDE`) VALUES
(8, '1A', 35.29, 45.4, 31.4, 43.45, '#FF0000', NULL, NULL, NULL, 23, NULL, 0, 0, 6, 1, 1, b'0'),
(9, '1B', 25.39, 35.01, 31.4, 43.45, '#FF0000', NULL, NULL, NULL, 23, NULL, 0, 0, 6, 1, 1, b'1'),
(10, '2A', 35.34, 53.4, 21.28, 43.45, '#ffff00', NULL, NULL, NULL, 23, NULL, 0, 0, NULL, 2, NULL, NULL),
(11, '2B', 17.34, 34.95, 21.28, 43.45, '#80ff80', NULL, NULL, NULL, 23, NULL, 0, 0, NULL, 2, NULL, NULL);

--
-- Indici per le tabelle scaricate
--

--
-- Indici per le tabelle `anchor`
--
ALTER TABLE `anchor`
  ADD PRIMARY KEY (`ID`),
  ADD KEY `FLOOR_ID` (`FLOOR_ID`);

--
-- Indici per le tabelle `anchor_types`
--
ALTER TABLE `anchor_types`
  ADD PRIMARY KEY (`ID`);

--
-- Indici per le tabelle `camera`
--
ALTER TABLE `camera`
  ADD PRIMARY KEY (`ID`),
  ADD UNIQUE KEY `USER_PASS` (`USERNAME`,`PASSWORD`);

--
-- Indici per le tabelle `category`
--
ALTER TABLE `category`
  ADD PRIMARY KEY (`ID`);

--
-- Indici per le tabelle `dress_alarm`
--
ALTER TABLE `dress_alarm`
  ADD PRIMARY KEY (`TAG_ID`);

--
-- Indici per le tabelle `event`
--
ALTER TABLE `event`
  ADD PRIMARY KEY (`ID`);

--
-- Indici per le tabelle `floor`
--
ALTER TABLE `floor`
  ADD PRIMARY KEY (`ID`),
  ADD KEY `LOCATION_ID` (`LOCATION_ID`);

--
-- Indici per le tabelle `history`
--
ALTER TABLE `history`
  ADD PRIMARY KEY (`EVENT_ID`,`TAG_ID`,`TIME`,`MSEC`) USING BTREE,
  ADD KEY `TAG_HISTORY` (`TAG_ID`),
  ADD KEY `EVENT_HISTORY` (`EVENT_ID`);

--
-- Indici per le tabelle `location`
--
ALTER TABLE `location`
  ADD PRIMARY KEY (`ID`),
  ADD UNIQUE KEY `NAME` (`NAME`);

--
-- Indici per le tabelle `prohibitions`
--
ALTER TABLE `prohibitions`
  ADD PRIMARY KEY (`TAG_ID`,`ZONE_ID`),
  ADD KEY `zone_tag` (`ZONE_ID`);

--
-- Indici per le tabelle `recover_password`
--
ALTER TABLE `recover_password`
  ADD PRIMARY KEY (`ID`);

--
-- Indici per le tabelle `rtls`
--
ALTER TABLE `rtls`
  ADD PRIMARY KEY (`ID`),
  ADD KEY `safeMonKey` (`SAFE_MON_STATUS`);

--
-- Indici per le tabelle `safemon`
--
ALTER TABLE `safemon`
  ADD PRIMARY KEY (`ID`);

--
-- Indici per le tabelle `safety_box`
--
ALTER TABLE `safety_box`
  ADD PRIMARY KEY (`ID`);

--
-- Indici per le tabelle `tag`
--
ALTER TABLE `tag`
  ADD PRIMARY KEY (`ID`),
  ADD KEY `ANCHOR_TAG` (`ANCHOR_ID`),
  ADD KEY `fk_tag_category` (`CATEGORY_ID`),
  ADD KEY `fk_tag_safety_box` (`SAFETY_BOX_ID`);

--
-- Indici per le tabelle `tag_mac`
--
ALTER TABLE `tag_mac`
  ADD PRIMARY KEY (`ID`),
  ADD KEY `tag_mac` (`TAG_ID`);

--
-- Indici per le tabelle `tag_rangings`
--
ALTER TABLE `tag_rangings`
  ADD PRIMARY KEY (`TAG_ID`);

--
-- Indici per le tabelle `tag_rangings2`
--
ALTER TABLE `tag_rangings2`
  ADD PRIMARY KEY (`TAG_ID`,`ANCHOR_ID`),
  ADD KEY `FK_RANGING_ANCHOR` (`ANCHOR_ID`);

--
-- Indici per le tabelle `tag_rfid`
--
ALTER TABLE `tag_rfid`
  ADD PRIMARY KEY (`ID`);

--
-- Indici per le tabelle `tag_types`
--
ALTER TABLE `tag_types`
  ADD PRIMARY KEY (`ID`);

--
-- Indici per le tabelle `telegram`
--
ALTER TABLE `telegram`
  ADD PRIMARY KEY (`ID`);

--
-- Indici per le tabelle `tracking`
--
ALTER TABLE `tracking`
  ADD PRIMARY KEY (`ID`);

--
-- Indici per le tabelle `user`
--
ALTER TABLE `user`
  ADD PRIMARY KEY (`ID`),
  ADD UNIQUE KEY `USER_EMAIL_UINDEX` (`EMAIL`),
  ADD UNIQUE KEY `USER_PASS` (`USERNAME`,`PASSWORD`),
  ADD KEY `USER_SETTINGS` (`USER_SETTINGS`);

--
-- Indici per le tabelle `user_has_location`
--
ALTER TABLE `user_has_location`
  ADD PRIMARY KEY (`USER_ID`,`LOCATION_ID`),
  ADD KEY `LOCATION_HAS` (`LOCATION_ID`);

--
-- Indici per le tabelle `user_settings`
--
ALTER TABLE `user_settings`
  ADD PRIMARY KEY (`ID`);

--
-- Indici per le tabelle `wetag_settings`
--
ALTER TABLE `wetag_settings`
  ADD PRIMARY KEY (`TAG_ID`);

--
-- Indici per le tabelle `wifi`
--
ALTER TABLE `wifi`
  ADD PRIMARY KEY (`ID`);

--
-- Indici per le tabelle `working_process`
--
ALTER TABLE `working_process`
  ADD PRIMARY KEY (`ID`);

--
-- Indici per le tabelle `zone`
--
ALTER TABLE `zone`
  ADD PRIMARY KEY (`ID`),
  ADD KEY `FK_ZONE_WORKING_PROCESS` (`WORK_PROCESS_ID`);

--
-- AUTO_INCREMENT per le tabelle scaricate
--

--
-- AUTO_INCREMENT per la tabella `anchor`
--
ALTER TABLE `anchor`
  MODIFY `ID` int NOT NULL AUTO_INCREMENT, AUTO_INCREMENT=29;
--
-- AUTO_INCREMENT per la tabella `anchor_types`
--
ALTER TABLE `anchor_types`
  MODIFY `ID` int NOT NULL AUTO_INCREMENT, AUTO_INCREMENT=7;
--
-- AUTO_INCREMENT per la tabella `camera`
--
ALTER TABLE `camera`
  MODIFY `ID` int NOT NULL AUTO_INCREMENT;
--
-- AUTO_INCREMENT per la tabella `category`
--
ALTER TABLE `category`
  MODIFY `ID` int NOT NULL AUTO_INCREMENT, AUTO_INCREMENT=6;
--
-- AUTO_INCREMENT per la tabella `event`
--
ALTER TABLE `event`
  MODIFY `ID` int NOT NULL AUTO_INCREMENT, AUTO_INCREMENT=32;
--
-- AUTO_INCREMENT per la tabella `floor`
--
ALTER TABLE `floor`
  MODIFY `ID` int NOT NULL AUTO_INCREMENT, AUTO_INCREMENT=27;
--
-- AUTO_INCREMENT per la tabella `location`
--
ALTER TABLE `location`
  MODIFY `ID` int NOT NULL AUTO_INCREMENT, AUTO_INCREMENT=16;
--
-- AUTO_INCREMENT per la tabella `recover_password`
--
ALTER TABLE `recover_password`
  MODIFY `ID` int NOT NULL AUTO_INCREMENT;
--
-- AUTO_INCREMENT per la tabella `rtls`
--
ALTER TABLE `rtls`
  MODIFY `ID` int NOT NULL AUTO_INCREMENT, AUTO_INCREMENT=2;
--
-- AUTO_INCREMENT per la tabella `safemon`
--
ALTER TABLE `safemon`
  MODIFY `ID` int NOT NULL AUTO_INCREMENT, AUTO_INCREMENT=3;
--
-- AUTO_INCREMENT per la tabella `safety_box`
--
ALTER TABLE `safety_box`
  MODIFY `ID` int NOT NULL AUTO_INCREMENT;
--
-- AUTO_INCREMENT per la tabella `tag_mac`
--
ALTER TABLE `tag_mac`
  MODIFY `ID` int NOT NULL AUTO_INCREMENT, AUTO_INCREMENT=149;
--
-- AUTO_INCREMENT per la tabella `tag_rfid`
--
ALTER TABLE `tag_rfid`
  MODIFY `ID` int NOT NULL AUTO_INCREMENT, AUTO_INCREMENT=5;
--
-- AUTO_INCREMENT per la tabella `tag_types`
--
ALTER TABLE `tag_types`
  MODIFY `ID` int NOT NULL AUTO_INCREMENT, AUTO_INCREMENT=20;
--
-- AUTO_INCREMENT per la tabella `tracking`
--
ALTER TABLE `tracking`
  MODIFY `ID` int NOT NULL AUTO_INCREMENT, AUTO_INCREMENT=7;
--
-- AUTO_INCREMENT per la tabella `user`
--
ALTER TABLE `user`
  MODIFY `ID` int NOT NULL AUTO_INCREMENT, AUTO_INCREMENT=15;
--
-- AUTO_INCREMENT per la tabella `user_settings`
--
ALTER TABLE `user_settings`
  MODIFY `ID` int NOT NULL AUTO_INCREMENT, AUTO_INCREMENT=20;
--
-- AUTO_INCREMENT per la tabella `wifi`
--
ALTER TABLE `wifi`
  MODIFY `ID` int NOT NULL AUTO_INCREMENT, AUTO_INCREMENT=2;
--
-- AUTO_INCREMENT per la tabella `working_process`
--
ALTER TABLE `working_process`
  MODIFY `ID` int NOT NULL AUTO_INCREMENT, AUTO_INCREMENT=7;
--
-- AUTO_INCREMENT per la tabella `zone`
--
ALTER TABLE `zone`
  MODIFY `ID` int NOT NULL AUTO_INCREMENT, AUTO_INCREMENT=12;
--
-- Limiti per le tabelle scaricate
--

--
-- Limiti per la tabella `anchor`
--
ALTER TABLE `anchor`
  ADD CONSTRAINT `anchor_floor` FOREIGN KEY (`FLOOR_ID`) REFERENCES `floor` (`ID`) ON DELETE CASCADE ON UPDATE CASCADE;

--
-- Limiti per la tabella `dress_alarm`
--
ALTER TABLE `dress_alarm`
  ADD CONSTRAINT `TAG_DRESS_ALARM` FOREIGN KEY (`TAG_ID`) REFERENCES `tag` (`ID`) ON DELETE CASCADE ON UPDATE CASCADE;

--
-- Limiti per la tabella `floor`
--
ALTER TABLE `floor`
  ADD CONSTRAINT `dsafdsafasdfasdfasdf` FOREIGN KEY (`LOCATION_ID`) REFERENCES `location` (`ID`) ON DELETE CASCADE;

--
-- Limiti per la tabella `prohibitions`
--
ALTER TABLE `prohibitions`
  ADD CONSTRAINT `tag_zone` FOREIGN KEY (`TAG_ID`) REFERENCES `tag` (`ID`) ON DELETE CASCADE ON UPDATE CASCADE,
  ADD CONSTRAINT `zone_tag` FOREIGN KEY (`ZONE_ID`) REFERENCES `zone` (`ID`) ON DELETE CASCADE ON UPDATE CASCADE;

--
-- Limiti per la tabella `rtls`
--
ALTER TABLE `rtls`
  ADD CONSTRAINT `safeMonKey` FOREIGN KEY (`SAFE_MON_STATUS`) REFERENCES `safemon` (`ID`) ON DELETE CASCADE ON UPDATE CASCADE;

--
-- Limiti per la tabella `zone`
--
ALTER TABLE `zone`
  ADD CONSTRAINT `FK_ZONE_WORKING_PROCESS` FOREIGN KEY (`WORK_PROCESS_ID`) REFERENCES `working_process` (`ID`);

/*!40101 SET CHARACTER_SET_CLIENT=@OLD_CHARACTER_SET_CLIENT */;
/*!40101 SET CHARACTER_SET_RESULTS=@OLD_CHARACTER_SET_RESULTS */;
/*!40101 SET COLLATION_CONNECTION=@OLD_COLLATION_CONNECTION */;
