INSERT INTO smartStudioNew.anchor (ID, MAC, NAME, TYPE, EMERGENCY_ZONE, X_POS, Y_POS, Z_POS, RADIUS, NEIGHBORS, PROXIMITY, IP, PERMITTED_ASSET, RSSI_THRESHOLD, ALARM_TIME, BATTERY_STATUS, BATTERY_STATUS_ALERTED, IS_ONLINE, FLOOR_ID) VALUES (1, '0CF3EE000001', 'Anchor1', 0, 0, 500, 250, 0, 0, '0CF3EE000002', 20, '192.168.0.101', '000D6F57017A', 190, '2019-01-17 07:00:00', false, false, false, 3);
INSERT INTO smartStudioNew.anchor (ID, MAC, NAME, TYPE, EMERGENCY_ZONE, X_POS, Y_POS, Z_POS, RADIUS, NEIGHBORS, PROXIMITY, IP, PERMITTED_ASSET, RSSI_THRESHOLD, ALARM_TIME, BATTERY_STATUS, BATTERY_STATUS_ALERTED, IS_ONLINE, FLOOR_ID) VALUES (2, '0CF3EE000002', 'Anchor2', 0, 0, 44, 111, 20, 20, '0CF3EE000001', 0, '192.168.0.102', '000D6F57017A', 190, '2019-01-17 09:11:00', false, false, false, 3);
INSERT INTO smartStudioNew.anchor (ID, MAC, NAME, TYPE, EMERGENCY_ZONE, X_POS, Y_POS, Z_POS, RADIUS, NEIGHBORS, PROXIMITY, IP, PERMITTED_ASSET, RSSI_THRESHOLD, ALARM_TIME, BATTERY_STATUS, BATTERY_STATUS_ALERTED, IS_ONLINE, FLOOR_ID) VALUES (3, '0CF3EE000003', 'Anchor3', 0, 0, 360, 157, 49, 70, '0CF3EE000002', 0, '192.168.0.103', '000D6F57017A', 190, '2019-01-17 07:16:00', false, false, false, 3);
INSERT INTO smartStudioNew.anchor (ID, MAC, NAME, TYPE, EMERGENCY_ZONE, X_POS, Y_POS, Z_POS, RADIUS, NEIGHBORS, PROXIMITY, IP, PERMITTED_ASSET, RSSI_THRESHOLD, ALARM_TIME, BATTERY_STATUS, BATTERY_STATUS_ALERTED, IS_ONLINE, FLOOR_ID) VALUES (4, '0CF3EE000004', 'Anchor4', 0, 0, 444, 322, 100, 134, '0CF3EE000003', 0, '192.168.0.104', '000D6F57017A', 190, '2019-01-17 08:23:13', false, false, false, 3);
INSERT INTO smartStudioNew.anchor (ID, MAC, NAME, TYPE, EMERGENCY_ZONE, X_POS, Y_POS, Z_POS, RADIUS, NEIGHBORS, PROXIMITY, IP, PERMITTED_ASSET, RSSI_THRESHOLD, ALARM_TIME, BATTERY_STATUS, BATTERY_STATUS_ALERTED, IS_ONLINE, FLOOR_ID) VALUES (5, '0CF3EE000005', 'Anchor5', 0, 0, 0, 0, 0, 0, '0CF3EE000004', 0, '192.168.0.105', '000D6F57017A', 190, '2019-01-28 03:00:00', false, false, false, 1);
INSERT INTO smartStudioNew.anchor (ID, MAC, NAME, TYPE, EMERGENCY_ZONE, X_POS, Y_POS, Z_POS, RADIUS, NEIGHBORS, PROXIMITY, IP, PERMITTED_ASSET, RSSI_THRESHOLD, ALARM_TIME, BATTERY_STATUS, BATTERY_STATUS_ALERTED, IS_ONLINE, FLOOR_ID) VALUES (6, '0CF3EE000006', 'Anchor6', 0, 0, 0, 0, 0, 0, '0CF3EE000005', 0, '192.168.0.106', '000D6F57017A', 190, '2019-01-28 05:00:00', false, false, false, 1);
INSERT INTO smartStudioNew.anchor (ID, MAC, NAME, TYPE, EMERGENCY_ZONE, X_POS, Y_POS, Z_POS, RADIUS, NEIGHBORS, PROXIMITY, IP, PERMITTED_ASSET, RSSI_THRESHOLD, ALARM_TIME, BATTERY_STATUS, BATTERY_STATUS_ALERTED, IS_ONLINE, FLOOR_ID) VALUES (7, '0CF3EE000007', 'Anchor7', 0, 0, 0, 0, 0, 0, '0CF3EE000006', 0, '192.168.0.107', '000D6F57017A', 190, '2019-01-28 03:00:00', false, false, false, 1);
INSERT INTO smartStudioNew.anchor (ID, MAC, NAME, TYPE, EMERGENCY_ZONE, X_POS, Y_POS, Z_POS, RADIUS, NEIGHBORS, PROXIMITY, IP, PERMITTED_ASSET, RSSI_THRESHOLD, ALARM_TIME, BATTERY_STATUS, BATTERY_STATUS_ALERTED, IS_ONLINE, FLOOR_ID) VALUES (8, '0CF3EE000008', 'Anchor8', 0, 0, 0, 0, 0, 0, '0CF3EE000007', 0, '192.168.0.108', '000D6F57017A', 190, '2019-01-28 04:00:00', false, false, false, 1);
INSERT INTO smartStudioNew.anchor (ID, MAC, NAME, TYPE, EMERGENCY_ZONE, X_POS, Y_POS, Z_POS, RADIUS, NEIGHBORS, PROXIMITY, IP, PERMITTED_ASSET, RSSI_THRESHOLD, ALARM_TIME, BATTERY_STATUS, BATTERY_STATUS_ALERTED, IS_ONLINE, FLOOR_ID) VALUES (9, '0CF3EE000009', 'Anchor9', 0, 0, 599, 250, 3, 20, '0CF3EE000008', 10, '192.168.0.109', '000D6F57017A', 190, '2019-01-28 03:00:00', false, false, true, 3);
INSERT INTO smartStudioNew.anchor (ID, MAC, NAME, TYPE, EMERGENCY_ZONE, X_POS, Y_POS, Z_POS, RADIUS, NEIGHBORS, PROXIMITY, IP, PERMITTED_ASSET, RSSI_THRESHOLD, ALARM_TIME, BATTERY_STATUS, BATTERY_STATUS_ALERTED, IS_ONLINE, FLOOR_ID) VALUES (10, '0CF3EE000010', 'Anchor10', 0, 0, 400, 200, 0, 100, '0CF3EE000009', 0, '192.168.0.110', '000D6F57017A', 190, '2019-01-28 03:00:00', false, false, false, 3);
INSERT INTO smartStudioNew.anchor (ID, MAC, NAME, TYPE, EMERGENCY_ZONE, X_POS, Y_POS, Z_POS, RADIUS, NEIGHBORS, PROXIMITY, IP, PERMITTED_ASSET, RSSI_THRESHOLD, ALARM_TIME, BATTERY_STATUS, BATTERY_STATUS_ALERTED, IS_ONLINE, FLOOR_ID) VALUES (11, '0CF3EE000011', 'Anchor11', 0, 0, 600, 300, 0, 30, '0CF3EE000010', 0, '192.168.0.111', '000D6F57017A', 190, '2019-01-28 04:00:00', false, false, false, 3);
INSERT INTO smartStudioNew.anchor (ID, MAC, NAME, TYPE, EMERGENCY_ZONE, X_POS, Y_POS, Z_POS, RADIUS, NEIGHBORS, PROXIMITY, IP, PERMITTED_ASSET, RSSI_THRESHOLD, ALARM_TIME, BATTERY_STATUS, BATTERY_STATUS_ALERTED, IS_ONLINE, FLOOR_ID) VALUES (12, '0CF3EE000012', 'Anchor12', 0, 0, 0, 0, 0, 0, '0CF3EE000011', 0, '192.168.0.112', '000D6F57017A', 190, '2019-01-28 04:00:00', false, false, false, 5);
INSERT INTO smartStudioNew.anchor (ID, MAC, NAME, TYPE, EMERGENCY_ZONE, X_POS, Y_POS, Z_POS, RADIUS, NEIGHBORS, PROXIMITY, IP, PERMITTED_ASSET, RSSI_THRESHOLD, ALARM_TIME, BATTERY_STATUS, BATTERY_STATUS_ALERTED, IS_ONLINE, FLOOR_ID) VALUES (13, '0CF3EE000013', 'Anchor13', 0, 0, 0, 0, 0, 0, '0CF3EE000012', 0, '192.168.0.113', '000D6F57017A', 190, '2019-01-28 03:00:00', false, false, false, 5);
INSERT INTO smartStudioNew.anchor (ID, MAC, NAME, TYPE, EMERGENCY_ZONE, X_POS, Y_POS, Z_POS, RADIUS, NEIGHBORS, PROXIMITY, IP, PERMITTED_ASSET, RSSI_THRESHOLD, ALARM_TIME, BATTERY_STATUS, BATTERY_STATUS_ALERTED, IS_ONLINE, FLOOR_ID) VALUES (14, '8604', 'Anchor14', 1, 0, 0, 0, 0, 0, '0802', 0, '192.168.0.114', '05A0,05A1,05A2,05A3', 190, '2019-01-28 03:00:00', false, false, false, 5);
INSERT INTO smartStudioNew.anchor (ID, MAC, NAME, TYPE, EMERGENCY_ZONE, X_POS, Y_POS, Z_POS, RADIUS, NEIGHBORS, PROXIMITY, IP, PERMITTED_ASSET, RSSI_THRESHOLD, ALARM_TIME, BATTERY_STATUS, BATTERY_STATUS_ALERTED, IS_ONLINE, FLOOR_ID) VALUES (15, '0802', 'Anchor15', 1, 0, 0, 0, 0, 0, '19B7', 0, '192.168.0.115', '05A0,05A1,05A2,05A3', 190, '2019-01-28 05:00:00', false, false, false, 6);
INSERT INTO smartStudioNew.anchor (ID, MAC, NAME, TYPE, EMERGENCY_ZONE, X_POS, Y_POS, Z_POS, RADIUS, NEIGHBORS, PROXIMITY, IP, PERMITTED_ASSET, RSSI_THRESHOLD, ALARM_TIME, BATTERY_STATUS, BATTERY_STATUS_ALERTED, IS_ONLINE, FLOOR_ID) VALUES (16, '19B7', 'Anchor16', 1, 0, 0, 0, 0, 0, '8604', 0, '192.168.0.116', '05A0,05A1,05A2,05A3', 190, '2019-01-28 03:00:00', false, false, false, 6);
INSERT INTO smartStudioNew.camera (ID, IP, DESCRIPTION, USERNAME, PASSWORD, RADIUS, X_POS, Y_POS, NVR, IS_ONLINE, FLOOR_ID) VALUES (1, null, 'Camera studio', 'dani', 'dani', 50, 200, 500, null, true, 3);
INSERT INTO smartStudioNew.camera (ID, IP, DESCRIPTION, USERNAME, PASSWORD, RADIUS, X_POS, Y_POS, NVR, IS_ONLINE, FLOOR_ID) VALUES (2, null, 'Camera coridoio', 'dani', 'dani', 60, 400, 350, null, false, 3);
INSERT INTO smartStudioNew.dress_alarm (TAG_ID, HELMET_DPI, HELMET_DPI_ALERTED, BELT_DPI, BELT_DPI_ALERTED, GLOVE_DPI, GLOVE_DPI_ALERTED, SHOE_DPI, SHOE_DPI_ALERTED, ROPE_DPI_) VALUES (1, false, false, false, false, false, false, false, false, null);
INSERT INTO smartStudioNew.dress_alarm (TAG_ID, HELMET_DPI, HELMET_DPI_ALERTED, BELT_DPI, BELT_DPI_ALERTED, GLOVE_DPI, GLOVE_DPI_ALERTED, SHOE_DPI, SHOE_DPI_ALERTED, ROPE_DPI_) VALUES (2, false, false, false, false, false, false, false, false, null);
INSERT INTO smartStudioNew.dress_alarm (TAG_ID, HELMET_DPI, HELMET_DPI_ALERTED, BELT_DPI, BELT_DPI_ALERTED, GLOVE_DPI, GLOVE_DPI_ALERTED, SHOE_DPI, SHOE_DPI_ALERTED, ROPE_DPI_) VALUES (3, false, false, false, false, false, false, false, false, null);
INSERT INTO smartStudioNew.dress_alarm (TAG_ID, HELMET_DPI, HELMET_DPI_ALERTED, BELT_DPI, BELT_DPI_ALERTED, GLOVE_DPI, GLOVE_DPI_ALERTED, SHOE_DPI, SHOE_DPI_ALERTED, ROPE_DPI_) VALUES (4, false, false, false, false, false, false, false, false, null);
INSERT INTO smartStudioNew.event (ID, DESCRIPTION, ICON_NAME) VALUES (1, 'MANDOWN', 'UomoATerra.png');
INSERT INTO smartStudioNew.event (ID, DESCRIPTION, ICON_NAME) VALUES (2, 'LOW_BATTERY', 'Batteria.png');
INSERT INTO smartStudioNew.event (ID, DESCRIPTION, ICON_NAME) VALUES (3, 'MAN_DOWN_DISABLED', 'UomoATerraDis.png');
INSERT INTO smartStudioNew.event (ID, DESCRIPTION, ICON_NAME) VALUES (4, 'RADIO_SWITCHED_OFF', 'RadioOff.png');
INSERT INTO smartStudioNew.event (ID, DESCRIPTION, ICON_NAME) VALUES (5, 'SAFE', 'Safe.png');
INSERT INTO smartStudioNew.event (ID, DESCRIPTION, ICON_NAME) VALUES (6, 'BATTERY_OK', 'FullBattery.png');
INSERT INTO smartStudioNew.event (ID, DESCRIPTION, ICON_NAME) VALUES (7, 'ANCHOR_LOW_BATTERY', 'AnchorLowBattery.png');
INSERT INTO smartStudioNew.event (ID, DESCRIPTION, ICON_NAME) VALUES (8, 'MAN_DOWN_ENABLED', 'UomoATerraEn.png');
INSERT INTO smartStudioNew.event (ID, DESCRIPTION, ICON_NAME) VALUES (9, 'RADIO_SWITCHED_ON', 'RadioOn.png');
INSERT INTO smartStudioNew.event (ID, DESCRIPTION, ICON_NAME) VALUES (10, 'POSITION_CHANGED', 'none');
INSERT INTO smartStudioNew.event (ID, DESCRIPTION, ICON_NAME) VALUES (11, 'DIAGNOSTIC_REQUEST', 'Diagnostic.png');
INSERT INTO smartStudioNew.event (ID, DESCRIPTION, ICON_NAME) VALUES (12, 'TACITATE_START', 'TacitateStart.png');
INSERT INTO smartStudioNew.event (ID, DESCRIPTION, ICON_NAME) VALUES (13, 'TACITATE_STOP', 'TacitateStop.png');
INSERT INTO smartStudioNew.event (ID, DESCRIPTION, ICON_NAME) VALUES (14, 'CALL_ME_RECEIVED', 'none');
INSERT INTO smartStudioNew.event (ID, DESCRIPTION, ICON_NAME) VALUES (15, 'CALL_ME_TACITATE', 'none');
INSERT INTO smartStudioNew.event (ID, DESCRIPTION, ICON_NAME) VALUES (16, 'EVACUATION_START_RECEIVED', 'none');
INSERT INTO smartStudioNew.event (ID, DESCRIPTION, ICON_NAME) VALUES (17, 'EVACUATION_STOP_RECEIVED', 'none');
INSERT INTO smartStudioNew.event (ID, DESCRIPTION, ICON_NAME) VALUES (18, 'EXIT', 'none');
INSERT INTO smartStudioNew.event (ID, DESCRIPTION, ICON_NAME) VALUES (19, 'BROKEN_OR_STOLEN', 'none');
INSERT INTO smartStudioNew.event (ID, DESCRIPTION, ICON_NAME) VALUES (20, 'MAN_IN_QUOTE', 'none');
INSERT INTO smartStudioNew.event (ID, DESCRIPTION, ICON_NAME) VALUES (21, 'SOS', 'none');
INSERT INTO smartStudioNew.event (ID, DESCRIPTION, ICON_NAME) VALUES (22, 'DPI_1_NOT_FOUND', 'none');
INSERT INTO smartStudioNew.event (ID, DESCRIPTION, ICON_NAME) VALUES (23, 'DPI_2_NOT_FOUND', 'none');
INSERT INTO smartStudioNew.event (ID, DESCRIPTION, ICON_NAME) VALUES (24, 'DPI_3_NOT_FOUND', 'none');
INSERT INTO smartStudioNew.event (ID, DESCRIPTION, ICON_NAME) VALUES (25, 'DPI_1_FOUND', 'none');
INSERT INTO smartStudioNew.event (ID, DESCRIPTION, ICON_NAME) VALUES (26, 'DPI_2_FOUND', 'none');
INSERT INTO smartStudioNew.event (ID, DESCRIPTION, ICON_NAME) VALUES (27, 'DPI_3_FOUND', 'none');
INSERT INTO smartStudioNew.event (ID, DESCRIPTION, ICON_NAME) VALUES (28, 'ANCHOR_BATTERY_OK', 'none');
INSERT INTO smartStudioNew.event (ID, DESCRIPTION, ICON_NAME) VALUES (29, 'ANCHOR_PROBLEM', 'none');
INSERT INTO smartStudioNew.event (ID, DESCRIPTION, ICON_NAME) VALUES (30, 'ANCHOR_OK', 'none');
INSERT INTO smartStudioNew.floor (ID, NAME, DRAW_POINT, IMAGE_MAP, MAP_WIDTH, MAP_SPACING, LOCATION_ID) VALUES (1, 'Piano_0_Siit', null, '', 10, 10, 1);
INSERT INTO smartStudioNew.floor (ID, NAME, DRAW_POINT, IMAGE_MAP, MAP_WIDTH, MAP_SPACING, LOCATION_ID) VALUES (2, 'Piano_1_Siit', null, 'map.jpeg', 1000, 100, 1);
INSERT INTO smartStudioNew.floor (ID, NAME, DRAW_POINT, IMAGE_MAP, MAP_WIDTH, MAP_SPACING, LOCATION_ID) VALUES (3, 'Magazzino Croce Bianca', null, 'map.jpeg', 3000, 50, 2);
INSERT INTO smartStudioNew.floor (ID, NAME, DRAW_POINT, IMAGE_MAP, MAP_WIDTH, MAP_SPACING, LOCATION_ID) VALUES (4, 'Logistica_Conca_0', null, 'floor_2.png', 10, 10, 2);
INSERT INTO smartStudioNew.floor (ID, NAME, DRAW_POINT, IMAGE_MAP, MAP_WIDTH, MAP_SPACING, LOCATION_ID) VALUES (5, 'Logistica_Conca_1', null, '', 10, 10, 3);
INSERT INTO smartStudioNew.floor (ID, NAME, DRAW_POINT, IMAGE_MAP, MAP_WIDTH, MAP_SPACING, LOCATION_ID) VALUES (6, 'Piano_3_Diten', null, '', 10, 10, 4);
INSERT INTO smartStudioNew.history (ANCHOR_ID, EVENT_ID, TAG_ID, TIME, TAG_X_POS, TAG_Y_POS) VALUES (1, 1, 1, '2019-01-28 10:41:25', 44.56, 8.88);
INSERT INTO smartStudioNew.history (ANCHOR_ID, EVENT_ID, TAG_ID, TIME, TAG_X_POS, TAG_Y_POS) VALUES (1, 1, 1, '2019-01-28 10:45:12', 44.56, 8.88);
INSERT INTO smartStudioNew.history (ANCHOR_ID, EVENT_ID, TAG_ID, TIME, TAG_X_POS, TAG_Y_POS) VALUES (3, 1, 1, '2019-01-28 10:40:11', 0, 0);
INSERT INTO smartStudioNew.history (ANCHOR_ID, EVENT_ID, TAG_ID, TIME, TAG_X_POS, TAG_Y_POS) VALUES (14, 1, 1, '2019-01-28 10:53:03', 4, 5);
INSERT INTO smartStudioNew.history (ANCHOR_ID, EVENT_ID, TAG_ID, TIME, TAG_X_POS, TAG_Y_POS) VALUES (14, 1, 1, '2019-01-28 10:55:11', 8.99, 12.25);
INSERT INTO smartStudioNew.history (ANCHOR_ID, EVENT_ID, TAG_ID, TIME, TAG_X_POS, TAG_Y_POS) VALUES (3, 2, 1, '2019-01-28 10:38:01', 0, 0);
INSERT INTO smartStudioNew.history (ANCHOR_ID, EVENT_ID, TAG_ID, TIME, TAG_X_POS, TAG_Y_POS) VALUES (14, 2, 1, '2019-01-28 10:52:23', 8.99, 12.25);
INSERT INTO smartStudioNew.location (ID, NAME, DESCRIPTION, LATITUDE, LONGITUDE, ICON, ZOOM, RADIUS, IS_INSIDE) VALUES (1, 'SIIT', 'Siit', 44.414165, 8.942184, 'default-marker.png', null, 0, false);
INSERT INTO smartStudioNew.location (ID, NAME, DESCRIPTION, LATITUDE, LONGITUDE, ICON, ZOOM, RADIUS, IS_INSIDE) VALUES (2, 'BOLZANO', 'Bolzano', 45.116177, 7.742615, 'marker.png', null, 0, false);
INSERT INTO smartStudioNew.location (ID, NAME, DESCRIPTION, LATITUDE, LONGITUDE, ICON, ZOOM, RADIUS, IS_INSIDE) VALUES (3, 'CENTRO_LOGISTICO_DEL_CONCA', 'Centro Logistico del Conca', 0, 0, 'marker.png', null, 0, false);
INSERT INTO smartStudioNew.location (ID, NAME, DESCRIPTION, LATITUDE, LONGITUDE, ICON, ZOOM, RADIUS, IS_INSIDE) VALUES (4, 'DITEN', 'Diten', 0, 0, 'default-marker.png', null, 0, false);
INSERT INTO smartStudioNew.location (ID, NAME, DESCRIPTION, LATITUDE, LONGITUDE, ICON, ZOOM, RADIUS, IS_INSIDE) VALUES (5, 'Dibris', 'Unige', 44.403419, 8.95823, 'plus-32.png', null, null, true);
INSERT INTO smartStudioNew.location (ID, NAME, DESCRIPTION, LATITUDE, LONGITUDE, ICON, ZOOM, RADIUS, IS_INSIDE) VALUES (31, 'Location 1', 'Location 1 description', 44.5, 8.7, 'webcam-16.png', null, null, true);
INSERT INTO smartStudioNew.location (ID, NAME, DESCRIPTION, LATITUDE, LONGITUDE, ICON, ZOOM, RADIUS, IS_INSIDE) VALUES (32, 'Location 2', 'Location 2', 44.6, 8.9, 'x-mark-16.png', null, null, true);
INSERT INTO smartStudioNew.location (ID, NAME, DESCRIPTION, LATITUDE, LONGITUDE, ICON, ZOOM, RADIUS, IS_INSIDE) VALUES (33, 'Universita1', 'Uni1', 414, 110, 'image.png', null, null, true);
INSERT INTO smartStudioNew.location (ID, NAME, DESCRIPTION, LATITUDE, LONGITUDE, ICON, ZOOM, RADIUS, IS_INSIDE) VALUES (34, 'Cicciolo', 'Sei un cicciolo', 44.6, 9, 'edit-6-48.png', null, null, true);
INSERT INTO smartStudioNew.rtls (ID, PACKETS, TIME_LE, SCANNING_RATE, INTERVAL_BEACON_VALID, RSSI_THRESHOLD) VALUES (1, 35, '2019-02-03 15:24:57', 10000, 30, 190);
INSERT INTO smartStudioNew.tag (ID, NAME, X_POS, Y_POS, Z_POS, GPS_NORTH_DEGREE, GPS_EAST_DEGREE, TIME, GPS_TIME, ALARM_TIME, BATTERY_STATUS, BATTERY_STATUS_ALERTED, MAN_DOWN, MAN_DOWN_ALERTED, MAN_DOWN_DISABLED, MAN_DOWN_DISABLED_ALERTED, MAN_DOWN_TACITATED, SOS, SOS_ALERTED, MAN_IN_QUOTE, MAN_IN_QUOTE_ALERTED, CALL_ME_ALARM, EVACUATION_ALARM, RADIO_SWITCHED_OFF, DIAGNOSTIC_REQUEST, IS_EXIT, ANCHOR_ID, LOCATION_ID) VALUES (1, 'WeTAG1', 244, 322, 27.9, 0, 0, '2019-01-28 10:55:11', '2019-01-28 10:45:12', '2019-01-28 10:55:11', false, false, true, true, false, false, false, false, false, false, false, false, false, false, false, true, 1, 2);
INSERT INTO smartStudioNew.tag (ID, NAME, X_POS, Y_POS, Z_POS, GPS_NORTH_DEGREE, GPS_EAST_DEGREE, TIME, GPS_TIME, ALARM_TIME, BATTERY_STATUS, BATTERY_STATUS_ALERTED, MAN_DOWN, MAN_DOWN_ALERTED, MAN_DOWN_DISABLED, MAN_DOWN_DISABLED_ALERTED, MAN_DOWN_TACITATED, SOS, SOS_ALERTED, MAN_IN_QUOTE, MAN_IN_QUOTE_ALERTED, CALL_ME_ALARM, EVACUATION_ALARM, RADIO_SWITCHED_OFF, DIAGNOSTIC_REQUEST, IS_EXIT, ANCHOR_ID, LOCATION_ID) VALUES (2, 'WeTAG2', 453, 268, 0, 0, 0, '2019-01-26 12:01:10', '2019-01-26 12:01:10', '2019-01-26 12:01:10', false, true, false, false, false, false, false, false, false, false, false, false, false, false, false, true, 1, 2);
INSERT INTO smartStudioNew.tag (ID, NAME, X_POS, Y_POS, Z_POS, GPS_NORTH_DEGREE, GPS_EAST_DEGREE, TIME, GPS_TIME, ALARM_TIME, BATTERY_STATUS, BATTERY_STATUS_ALERTED, MAN_DOWN, MAN_DOWN_ALERTED, MAN_DOWN_DISABLED, MAN_DOWN_DISABLED_ALERTED, MAN_DOWN_TACITATED, SOS, SOS_ALERTED, MAN_IN_QUOTE, MAN_IN_QUOTE_ALERTED, CALL_ME_ALARM, EVACUATION_ALARM, RADIO_SWITCHED_OFF, DIAGNOSTIC_REQUEST, IS_EXIT, ANCHOR_ID, LOCATION_ID) VALUES (3, 'WeTAG3', 643, 322, 0, 0, 0, '2019-01-26 12:01:22', '2019-01-26 12:01:22', '2019-01-26 12:01:22', false, false, false, false, false, true, false, false, false, false, false, false, false, false, false, false, 1, 2);
INSERT INTO smartStudioNew.tag (ID, NAME, X_POS, Y_POS, Z_POS, GPS_NORTH_DEGREE, GPS_EAST_DEGREE, TIME, GPS_TIME, ALARM_TIME, BATTERY_STATUS, BATTERY_STATUS_ALERTED, MAN_DOWN, MAN_DOWN_ALERTED, MAN_DOWN_DISABLED, MAN_DOWN_DISABLED_ALERTED, MAN_DOWN_TACITATED, SOS, SOS_ALERTED, MAN_IN_QUOTE, MAN_IN_QUOTE_ALERTED, CALL_ME_ALARM, EVACUATION_ALARM, RADIO_SWITCHED_OFF, DIAGNOSTIC_REQUEST, IS_EXIT, ANCHOR_ID, LOCATION_ID) VALUES (4, 'WeTAG4', 143, 255, 0, 0, 0, '2019-01-28 05:00:00', '2019-01-28 05:00:00', '2019-01-28 03:00:00', false, false, false, false, false, false, false, false, false, false, false, false, false, false, false, false, 1, 2);
INSERT INTO smartStudioNew.tag_mac (ID, MAC, TAG_TYPE, TAG_ID) VALUES (1, '000D6F57017A', 0, 1);
INSERT INTO smartStudioNew.tag_mac (ID, MAC, TAG_TYPE, TAG_ID) VALUES (2, '000D6F5704B0', 0, 2);
INSERT INTO smartStudioNew.tag_mac (ID, MAC, TAG_TYPE, TAG_ID) VALUES (3, '000D6F5704BD', 0, 3);
INSERT INTO smartStudioNew.tag_mac (ID, MAC, TAG_TYPE, TAG_ID) VALUES (4, '000D6F5703A3', 0, 4);
INSERT INTO smartStudioNew.tag_mac (ID, MAC, TAG_TYPE, TAG_ID) VALUES (5, '05A0', 1, 1);
INSERT INTO smartStudioNew.tag_mac (ID, MAC, TAG_TYPE, TAG_ID) VALUES (6, '05A1', 1, 2);
INSERT INTO smartStudioNew.tag_mac (ID, MAC, TAG_TYPE, TAG_ID) VALUES (7, '05A2', 1, 3);
INSERT INTO smartStudioNew.tag_mac (ID, MAC, TAG_TYPE, TAG_ID) VALUES (8, '05A3', 1, 4);
INSERT INTO smartStudioNew.user (ID, USERNAME, PASSWORD, EMAIL, NAME, ROLE) VALUES (1, 'simone', '47eb752bac1c08c75e30d9624b3e58b7', 'simoscream@gmail.com', 'simone', false);
INSERT INTO smartStudioNew.user (ID, USERNAME, PASSWORD, EMAIL, NAME, ROLE) VALUES (2, 'daniel', 'aa47f8215c6f30a0dcdb2a36a9f4168e', 'daniel.surpanu@gmail.com', 'daniel', false);
INSERT INTO smartStudioNew.user (ID, USERNAME, PASSWORD, EMAIL, NAME, ROLE) VALUES (3, 'dani', '$2y$10$uhIFxe1yvqc3F7tNiKmKPeDG6waYjaSGpH6VH9mSDzpDK8zja8zUW', 'dani@gmail.com', 'dani', true);
INSERT INTO smartStudioNew.user_has_location (USER_ID, LOCATION_ID) VALUES (3, 1);
INSERT INTO smartStudioNew.user_has_location (USER_ID, LOCATION_ID) VALUES (3, 2);
INSERT INTO smartStudioNew.user_has_location (USER_ID, LOCATION_ID) VALUES (3, 5);
INSERT INTO smartStudioNew.user_has_location (USER_ID, LOCATION_ID) VALUES (3, 31);
INSERT INTO smartStudioNew.user_has_location (USER_ID, LOCATION_ID) VALUES (3, 32);
INSERT INTO smartStudioNew.user_has_location (USER_ID, LOCATION_ID) VALUES (1, 33);
INSERT INTO smartStudioNew.user_has_location (USER_ID, LOCATION_ID) VALUES (3, 34);
INSERT INTO smartStudioNew.wetag_settings (TAG_ID, ALARM_TIMING, DISABLE_TIMING, NO_MOV_TIMING, ADV_RATE, SCANNING_RATE, POWER_LEVEL) VALUES (1, 0, 0, 0, 0, 0, 0);
INSERT INTO smartStudioNew.wetag_settings (TAG_ID, ALARM_TIMING, DISABLE_TIMING, NO_MOV_TIMING, ADV_RATE, SCANNING_RATE, POWER_LEVEL) VALUES (2, 0, 0, 0, 0, 0, 0);
INSERT INTO smartStudioNew.wetag_settings (TAG_ID, ALARM_TIMING, DISABLE_TIMING, NO_MOV_TIMING, ADV_RATE, SCANNING_RATE, POWER_LEVEL) VALUES (3, 0, 0, 0, 0, 0, 0);
INSERT INTO smartStudioNew.wetag_settings (TAG_ID, ALARM_TIMING, DISABLE_TIMING, NO_MOV_TIMING, ADV_RATE, SCANNING_RATE, POWER_LEVEL) VALUES (4, 0, 0, 0, 0, 0, 0);
INSERT INTO smartStudioNew.wifi (ID, IP, MAC_SERVER_RTLS, UDP_PORT_BLE, UDP_PORT_UWB) VALUES (1, '192.168.0.104', 'aa:bb:cc:dd:ee', 4000, 5000);
INSERT INTO smartStudioNew.zone (ID, NAME, X_LEFT, X_RIGHT, Y_UP, Y_DOWN, FLOOR_ID) VALUES (1, 'SmartTrack', 10, 20, 20, 10, 1);
INSERT INTO smartStudioNew.zone (ID, NAME, X_LEFT, X_RIGHT, Y_UP, Y_DOWN, FLOOR_ID) VALUES (2, 'Proiettore', 10, 20, 30, 21, 1);
INSERT INTO smartStudioNew.zone (ID, NAME, X_LEFT, X_RIGHT, Y_UP, Y_DOWN, FLOOR_ID) VALUES (3, 'Reception', 10, 20, 30, 21, 2);
INSERT INTO smartStudioNew.zone (ID, NAME, X_LEFT, X_RIGHT, Y_UP, Y_DOWN, FLOOR_ID) VALUES (4, 'Magazzino', 0, 0, 0, 0, 3);
INSERT INTO smartStudioNew.zone (ID, NAME, X_LEFT, X_RIGHT, Y_UP, Y_DOWN, FLOOR_ID) VALUES (5, 'Smarcamento', 0, 0, 0, 0, 3);
INSERT INTO smartStudioNew.zone (ID, NAME, X_LEFT, X_RIGHT, Y_UP, Y_DOWN, FLOOR_ID) VALUES (6, 'Smistamento', 0, 0, 0, 0, 3);
INSERT INTO smartStudioNew.zone (ID, NAME, X_LEFT, X_RIGHT, Y_UP, Y_DOWN, FLOOR_ID) VALUES (7, 'Scarico_1', 8, 12, 12, 8, 4);
INSERT INTO smartStudioNew.zone (ID, NAME, X_LEFT, X_RIGHT, Y_UP, Y_DOWN, FLOOR_ID) VALUES (8, 'Scarico_2', 18, 22, 22, 18, 5);